DateTime,Link,Company,Fraud_Type,Impact_USD,Description,Country
2024-05-09,"https://www.fsc.gov.tw/en/home.jsp?id=95&parentpath=0,2&mcustomize=lawnew_view.jsp&dataserno=202405140001&dtable=NewsLaw",Mutto Optronics Corporation; XX Chen,Failure to hold by-election to fill board vacancies,"NT$240,000",Failed to convene an extraordinary shareholders’ meeting within 60 days to fill board vacancies as required.,Taiwan
2024-05-06,"https://www.fsc.gov.tw/en/home.jsp?id=95&parentpath=0,2&mcustomize=lawnew_view.jsp&dataserno=202405100002&dtable=NewsLaw",Capital Futures Corp.; Chen,Futures management and internal control violation,"NT$240,000","Associated person gave trading advice via LINE and the firm failed to supervise and implement internal controls, resulting in a fine and 1-month suspension.",Taiwan
2024-05-02,"https://www.fsc.gov.tw/en/home.jsp?id=95&parentpath=0,2&mcustomize=lawnew_view.jsp&dataserno=202405090001&dtable=NewsLaw","OCEANIC BEVERAGES CO., INC.",Financial reporting deficiency,"NT$240,000",Filed 2023 Q4 financial statements without the required accounting manager’s signature or seal.,Taiwan
2024-04-26,"https://www.fsc.gov.tw/en/home.jsp?id=95&parentpath=0,2&mcustomize=lawnew_view.jsp&dataserno=202405030002&dtable=NewsLaw","Far Eastern International Securities Co., Ltd.",Information security and internal control deficiencies,"NT$300,000",Routine audit found information security and access-control deficiencies indicating failure to implement internal controls.,Taiwan
2024-04-26,"https://www.fsc.gov.tw/en/home.jsp?id=95&parentpath=0,2&mcustomize=lawnew_view.jsp&dataserno=202405100001&dtable=NewsLaw","Taiwan Cooperative Securities Co., Ltd.",Multiple compliance and internal control violations,"NT$300,000","Inspection found failures in professional-investor vetting, custody disclosures, price deviation checks, documentation for trading limits, VPN compliance, and AML reporting.",Taiwan
2024-04-02,"https://www.fsc.gov.tw/en/home.jsp?id=95&parentpath=0,2&mcustomize=lawnew_view.jsp&dataserno=202404030004&dtable=NewsLaw",LEAD DATA INC,Failure to file financial statements,"NT$240,000",Failed to complete and file 2023 financial statements as required.,Taiwan
2024-04-02,"https://www.fsc.gov.tw/en/home.jsp?id=95&parentpath=0,2&mcustomize=lawnew_view.jsp&dataserno=202404030003&dtable=NewsLaw","Ting Sin CO., LTD.",Failure to file financial statements,"NT$240,000",Failed to complete and file 2023 financial statements as required.,Taiwan
2024-04-02,"https://www.fsc.gov.tw/en/home.jsp?id=95&parentpath=0,2&mcustomize=lawnew_view.jsp&dataserno=202404030002&dtable=NewsLaw",Mutto Optronics Corporation,Failure to file financial statements (Q3 & Q4 2023),"NT$720,000",Failed to complete 2023 Q3 and Q4 financial statements as required.,Taiwan
2024-04-01,"https://www.fsc.gov.tw/en/home.jsp?id=95&parentpath=0,2&mcustomize=lawnew_view.jsp&dataserno=202404030001&dtable=NewsLaw","POWERCOM Co., Ltd.; XX Yang",Board meeting conflict-of-interest violation,"NT$240,000",Director with a spousal conflict of interest failed to disclose and recuse during a lease-renewal board decision.,Taiwan
2024-03-27,"https://www.fsc.gov.tw/en/home.jsp?id=95&parentpath=0,2&mcustomize=lawnew_view.jsp&dataserno=202404020002&dtable=NewsLaw","IBF Securities Co., Ltd.; XX Chiang",Securities firm conduct and internal control violations,"NT$300,000","Audit found improper custody of clients’ passbooks and passwords, acceptance of discretionary trading, advance payments, and client fund lending, leading to a fine and 1-month suspension.",Taiwan
2024-03-27,"https://www.fsc.gov.tw/en/home.jsp?id=95&parentpath=0,2&mcustomize=lawnew_view.jsp&dataserno=202404020001&dtable=NewsLaw","Hua Nan Securities Co., Ltd.; XX Wang",Customer information leakage and internal control violation,"NT$300,000","Associate leaked customer order information via LINE; the firm failed to prevent and supervise the misconduct, leading to a fine and a one-month suspension.",Taiwan
2024-03-25,"https://www.fsc.gov.tw/en/home.jsp?id=95&parentpath=0,2&mcustomize=lawnew_view.jsp&dataserno=202403260001&dtable=NewsLaw",Mutto Optronics Corporation,Failure to file financial statements (Q3 2023),"NT$720,000",Failed to complete and file the 2023 Q3 financial statements as required by the Securities and Exchange Act.,Taiwan
2024-02-16,"https://www.fsc.gov.tw/en/home.jsp?id=95&parentpath=0,2&mcustomize=lawnew_view.jsp&dataserno=202402160001&dtable=NewsLaw","Union Securities Investment Trust Co., Ltd.",Securities investment trust compliance violations,"NT$600,000","The president engaged in unapproved businesses and staff lacked required qualifications or acted outside scope, violating SITE/SICE regulations.",Taiwan
2024-02-05,"https://www.fsc.gov.tw/en/home.jsp?id=95&parentpath=0,2&mcustomize=lawnew_view.jsp&dataserno=202403260001&dtable=NewsLaw","Tachan Securities Co., Ltd.",Multiple compliance and internal control violations,"NT$540,000","Audit found unauthorized phone orders, inadequate conflict-of-interest controls, weak remote access standards, and poor personal data governance.",Taiwan
2024-02-05,"https://www.fsc.gov.tw/en/home.jsp?id=95&parentpath=0,2&mcustomize=lawnew_view.jsp&dataserno=202403080001&dtable=NewsLaw","SinoPac Securities Co., Ltd.; XX Chang",Improper discretionary trading and password acceptance,"NT$480,000","Associate accepted client passwords and traded US/overseas products with full discretion and failed to follow instructions, resulting in a fine and nine-month suspension.",Taiwan
2024-01-23,"https://www.fsc.gov.tw/en/home.jsp?id=95&parentpath=0,2&mcustomize=lawnew_view.jsp&dataserno=202401230001&dtable=NewsLaw",Unitel High Technology Corporation; XX Shao,Board meeting minutes deficiency,"NT$240,000",Failed to prepare and record detailed board meeting minutes as required by the Securities and Exchange Act and board procedures rules.,Taiwan
2024-01-18,"https://www.fsc.gov.tw/en/home.jsp?id=95&parentpath=0,2&mcustomize=lawnew_view.jsp&dataserno=202401180002&dtable=NewsLaw","Grand Fortune Securities Co., Ltd.",AML and internal control violations,"NT$1,100,000","Deficiencies in AML controls, customer monitoring, governance, and record-keeping showed failure to implement effective internal controls.",Taiwan
2024-01-18,"https://www.fsc.gov.tw/en/home.jsp?id=95&parentpath=0,2&mcustomize=lawnew_view.jsp&dataserno=202401180001&dtable=NewsLaw","Masterlink Securities Co., Ltd.; Wu",Futures management violation,NT$0,Associated person provided futures trading advice via a LINE group and was ordered suspended from futures business for one month.,Taiwan
2023-11-15,"https://www.fsc.gov.tw/en/home.jsp?id=95&parentpath=0,2&mcustomize=lawnew_view.jsp&dataserno=202311170008&dtable=NewsLaw",Mutto Optronics Corporation,Failure to file financial statements (Q3 2023),"NT$240,000",Failed to complete the 2023 Q3 financial statements in accordance with Article 36 requirements.,Taiwan
2023-11-15,"https://www.fsc.gov.tw/en/home.jsp?id=95&parentpath=0,2&mcustomize=lawnew_view.jsp&dataserno=202311170007&dtable=NewsLaw",JS INC,Failure to file financial statements (Q1 2022–Q2 2023),"NT$720,000",Failed to complete financial statements for Q1 2022 through Q2 2023 as required by the Securities and Exchange Act.,Taiwan
2023-11-08,"https://www.fsc.gov.tw/en/home.jsp?id=95&parentpath=0,2&mcustomize=lawnew_view.jsp&dataserno=202311150001&dtable=NewsLaw","Capital Securities Co., Ltd.",Internal control and AML violations,"NT$980,000",Failed to implement internal controls over staff accounts and warrant risk management and failed AML customer risk grading and reviews.,Taiwan
2023-11-06,"https://www.fsc.gov.tw/en/home.jsp?id=95&parentpath=0,2&mcustomize=lawnew_view.jsp&dataserno=202311100001&dtable=NewsLaw","Yuanta Futures Co., Ltd.",Futures management/internal control violation,"NT$120,000",Associate gave bullish/bearish advice to clients via LINE contrary to the firm’s internal control system.,Taiwan
2023-11-02,"https://www.fsc.gov.tw/en/home.jsp?id=95&parentpath=0,2&mcustomize=lawnew_view.jsp&dataserno=202311020001&dtable=NewsLaw",Nanoplus Ltd.,Reporting/filing violation,"NT$240,000",Failed to file the September 2023 operations overview by the regulatory deadline under Article 36.,Taiwan
2023-10-26,"https://www.fsc.gov.tw/en/home.jsp?id=95&parentpath=0,2&mcustomize=lawnew_view.jsp&dataserno=202310310003&dtable=NewsLaw","Hua Nan Securities Co., Ltd.",Internal control and AML violations,"NT$1,220,000","Audit found multiple control failures in customer account handling, disclosures, IP checks, statements, and AML reviews/reporting.",Taiwan
2023-10-26,"https://www.fsc.gov.tw/en/home.jsp?id=95&parentpath=0,2&mcustomize=lawnew_view.jsp&dataserno=202310310002&dtable=NewsLaw","Mega Securities Co., Ltd.; XX Lin",Entrusted trading misconduct and client fund handling,"NT$240,000","Associate kept and lent client funds and handled settlements on clients’ behalf, resulting in a fine and three-month suspension.",Taiwan
2023-10-26,"https://www.fsc.gov.tw/en/home.jsp?id=95&parentpath=0,2&mcustomize=lawnew_view.jsp&dataserno=202310260001&dtable=NewsLaw","CONCRAFT HOLDING CO., LTD",Loans/endorsements limits violation,"NT$240,000",Loans exceeded regulatory limits under the Regulations Governing Loaning of Funds and Making of Endorsements/Guarantees by Public Companies.,Taiwan
2023-10-25,"https://www.fsc.gov.tw/en/home.jsp?id=95&parentpath=0,2&mcustomize=lawnew_view.jsp&dataserno=202310310004&dtable=NewsLaw","President Securities Co., Ltd.; XX Lu",Client funds handling and reporting violations,"NT$240,000",Associate kept client funds and the firm failed to file employee litigation declarations within the required time; two-month suspension imposed.,Taiwan
2023-10-18,"https://www.fsc.gov.tw/en/home.jsp?id=95&parentpath=0,2&mcustomize=lawnew_view.jsp&dataserno=202310260002&dtable=NewsLaw","Century Wind Power Co., Ltd.; XX Lai",Related-party transactions compliance violations,"NT$240,000","Entered related-party steel purchase contracts without required audit committee/board approvals, appraisals, evaluations, and timely disclosures.",Taiwan
2023-09-21,"https://www.fsc.gov.tw/en/home.jsp?id=95&parentpath=0,2&mcustomize=lawnew_view.jsp&dataserno=202309230002&dtable=NewsLaw",Zheng Certified Public Accountant,AML compliance violation,"NT$200,000",Failed to handle anti-money-laundering obligations in accordance with the Money Laundering Control Act.,Taiwan
2023-09-20,"https://www.fsc.gov.tw/en/home.jsp?id=95&parentpath=0,2&mcustomize=lawnew_view.jsp&dataserno=202309230001&dtable=NewsLaw","ShengHua Entertainment Communication Co., Ltd.",Failure to file financial statements (Q1–Q2 2023),"NT$720,000",Failed to complete quarterly financial statements for Q1 and Q2 2023 as required by the Securities and Exchange Act.,Taiwan
2023-09-19,"https://www.fsc.gov.tw/en/home.jsp?id=95&parentpath=0,2&mcustomize=lawnew_view.jsp&dataserno=202309190001&dtable=NewsLaw","Horizon Securities Co., Ltd.; XX Chen",Multiple conduct and internal control violations,"NT$480,000","Associate accepted discretionary orders, shared profits, disclosed orders via LINE, lent funds, and used client accounts; one-year suspension ordered.",Taiwan
2023-09-13,"https://www.fsc.gov.tw/en/home.jsp?id=95&parentpath=0,2&mcustomize=lawnew_view.jsp&dataserno=202309180001&dtable=NewsLaw",LEAD DATA INC.,Restatement/filing violations,"NT$240,000",Failed to restate and complete financial statements from Q1 2019 to Q2 2023 as required by Article 36.,Taiwan
2023-09-05,"https://www.fsc.gov.tw/en/home.jsp?id=95&parentpath=0,2&mcustomize=lawnew_view.jsp&dataserno=202403120001&dtable=NewsLaw","President Securities Investment Consulting Co., Ltd. (President SICE); XX Liao",SICE compliance and qualification violations,"NT$600,000",Internal controls were ineffective and the president lacked the analyst qualification to provide media investment analysis; six-month suspension ordered.,Taiwan
2023-08-31,"https://www.fsc.gov.tw/en/home.jsp?id=95&parentpath=0,2&mcustomize=lawnew_view.jsp&dataserno=202309080003&dtable=NewsLaw","Cathay Futures Co., Ltd.",Futures systems/control deficiencies,"NT$600,000","Electronic ordering system had capacity, testing, SOP, and resource deficiencies contrary to required internal controls; warning also issued.",Taiwan
2023-08-21,"https://www.fsc.gov.tw/en/home.jsp?id=95&parentpath=0,2&mcustomize=lawnew_view.jsp&dataserno=202309080001&dtable=NewsLaw","Concord Futures Co., Ltd.",IT/internal control deficiencies,"NT$240,000","IP control table omitted non-company computers and lacked related control measures, violating futures management rules.",Taiwan
2023-08-17,"https://www.fsc.gov.tw/en/home.jsp?id=95&parentpath=0,2&mcustomize=lawnew_view.jsp&dataserno=202308170001&dtable=NewsLaw",CHUNG FU TEX-INTERNATIONAL CORPORATION,"Failure to file financial statements (2022, Q1–Q2 2023)","NT$720,000",Failed to complete 2022 and Q1–Q2 2023 financial statements in accordance with the Securities and Exchange Act.,Taiwan
2023-08-17,"https://www.fsc.gov.tw/en/home.jsp?id=95&parentpath=0,2&mcustomize=lawnew_view.jsp&dataserno=202308170002&dtable=NewsLaw",Unitel High Technology Corporation,Failure to file financial statements (Q3 2022–Q2 2023),"NT$720,000",Failed to complete financial statements from Q3 2022 through Q2 2023 as required by Article 36.,Taiwan
2023-08-17,"https://www.fsc.gov.tw/en/home.jsp?id=95&parentpath=0,2&mcustomize=lawnew_view.jsp&dataserno=202308170003&dtable=NewsLaw","Kaison Green Energy Technology Co., LTD",Failure to file financial statements (2022–Q2 2023),"NT$240,000",Failed to complete 2022 to Q2 2023 financial statements in accordance with the Securities and Exchange Act.,Taiwan
2023-08-08,"https://www.fsc.gov.tw/en/home.jsp?id=95&parentpath=0,2&mcustomize=lawnew_view.jsp&dataserno=202308080001&dtable=NewsLaw","Hua Nan Securities Co., Ltd.; XX Yang",Securities firm conduct and reporting violations,"NT$240,000",Manager lent funds to customers and took phone orders without synchronous recording; firm failed to report within five business days; one-month suspension ordered.,Taiwan
2023-08-08,"https://www.fsc.gov.tw/en/home.jsp?id=95&parentpath=0,2&mcustomize=lawnew_view.jsp&dataserno=202308080002&dtable=NewsLaw","SHIN-HU NATURAL GAS CO., LTD.",Reporting/filing violation,"NT$240,000",Failed to file the June 2023 operations overview by the regulatory deadline under Article 36.,Taiwan
2023-08-04,"https://www.fsc.gov.tw/en/home.jsp?id=95&parentpath=0,2&mcustomize=lawnew_view.jsp&dataserno=202308040002&dtable=NewsLaw","FundRich Securities Co., Ltd.",Information security and internal control deficiencies,"NT$720,000",Audit found multiple information security and control weaknesses; the firm was fined and ordered to raise capital adequacy operating risk by 50%.,Taiwan
2023-07-31,"https://www.fsc.gov.tw/en/home.jsp?id=95&parentpath=0,2&mcustomize=lawnew_view.jsp&dataserno=202307310001&dtable=NewsLaw",SHENMAO TECHNOLOGY INC.,Loans/endorsements rules violation,"NT$240,000",Extended a loan beyond one year in violation of the Regulations Governing Loaning of Funds and Endorsements/Guarantees by Public Companies.,Taiwan
2023-07-25,"https://www.fsc.gov.tw/en/home.jsp?id=95&parentpath=0,2&mcustomize=lawnew_view.jsp&dataserno=202307250001&dtable=NewsLaw","ShengHua Entertainment Communication Co., Ltd.","Failure to file financial statements (2022, Q1 2023)","NT$480,000",Failed to complete 2022 and Q1 2023 financial statements as required by the Securities and Exchange Act.,Taiwan
2023-07-25,"https://www.fsc.gov.tw/en/home.jsp?id=95&parentpath=0,2&mcustomize=lawnew_view.jsp&dataserno=202307250002&dtable=NewsLaw","Kaison Green Energy Technology Co., LTD",Internal control statement violation,"NT$240,000",Failed to complete the 2022 Internal Control System Statement as required.,Taiwan
2023-07-19,"https://www.fsc.gov.tw/en/home.jsp?id=95&parentpath=0,2&mcustomize=lawnew_view.jsp&dataserno=202307190001&dtable=NewsLaw","Tai Twun Enterprise Co., Ltd.; XX Lin",Acquisition/disposal of assets compliance violation,"NT$240,000",Approved a US$6 million fund investment without obtaining a CPA opinion and contrary to internal procedures.,Taiwan
2023-07-19,"https://www.fsc.gov.tw/en/home.jsp?id=95&parentpath=0,2&mcustomize=lawnew_view.jsp&dataserno=202307190002&dtable=NewsLaw",CHUNG FU TEX-INTERNATIONAL CORPORATION,"Failure to file financial statements (2022, Q1 2023)","NT$480,000",Failed to complete 2022 and Q1 2023 financial statements as required by Article 36.,Taiwan
2023-07-04,"https://www.fsc.gov.tw/en/home.jsp?id=95&parentpath=0,2&mcustomize=lawnew_view.jsp&dataserno=202307040002&dtable=NewsLaw","President Futures Co., Ltd.",Reporting/filing violation,"NT$240,000",Failed to announce and report the audited 2022 annual financial report within 75 days after fiscal year-end.,Taiwan
2023-06-21,"https://www.fsc.gov.tw/en/home.jsp?id=95&parentpath=0,2&mcustomize=lawnew_view.jsp&dataserno=202306200001&dtable=NewsLaw",Taiwan Land Development Corporation,Failure to file financial statements (2021–2022),"NT$720,000",Failed to complete 2021–2022 financial statements in accordance with the Securities and Exchange Act.,Taiwan
2023-06-20,"https://www.fsc.gov.tw/en/home.jsp?id=95&parentpath=0,2&mcustomize=lawnew_view.jsp&dataserno=202307190003&dtable=NewsLaw",CHUNG FU TEX-INTERNATIONAL CORPORATION,"Failure to file financial statements (2022, Q1 2023)","NT$240,000",Failed to complete 2022 and Q1 2023 financial statements as required by Article 36.,Taiwan
2023-06-14,"https://www.fsc.gov.tw/en/home.jsp?id=95&parentpath=0,2&mcustomize=lawnew_view.jsp&dataserno=202306140001&dtable=NewsLaw",I-SEE VISION TECHNOLOGY INC.,Financial reporting deficiency,"NT$240,000",Filed 2022 Q4 financial statements without the required accounting manager’s signature or seal.,Taiwan
2023-06-13,"https://www.fsc.gov.tw/en/home.jsp?id=95&parentpath=0,2&mcustomize=lawnew_view.jsp&dataserno=202306130001&dtable=NewsLaw","JihSun Futures Co., Ltd.; Lin",Futures management and internal control violations,"NT$360,000",Associate engaged in discretionary trading and the firm failed supervision and same-IP order checks; fined and 6-month suspension.,Taiwan
2023-06-08,"https://www.fsc.gov.tw/en/home.jsp?id=95&parentpath=0,2&mcustomize=lawnew_view.jsp&dataserno=202401220002&dtable=NewsLaw","Masterlink Futures Co., Ltd.; Chen",Improper custody of client banking credentials,NT$0,"Former associate kept clients’ passbooks, cards and passwords for futures accounts and was suspended for one month.",Taiwan
2023-06-07,"https://www.fsc.gov.tw/en/home.jsp?id=95&parentpath=0,2&mcustomize=lawnew_view.jsp&dataserno=202401220001&dtable=NewsLaw","Cathay Futures Co., Ltd.",Systems failure and risk management deficiency,"NT$120,000",Wrong system parameters caused trading system abnormalities and the firm failed to offset positions when risk thresholds were reached.,Taiwan
2023-05-18,"https://www.fsc.gov.tw/en/home.jsp?id=95&parentpath=0,2&mcustomize=lawnew_view.jsp&dataserno=202305180005&dtable=NewsLaw","ROO HSING CO., LTD",Failure to file financial statements (2022–Q1 2023),"NT$720,000",Failed to complete 2022 and Q1 2023 financial statements as required by the Securities and Exchange Act.,Taiwan
2023-05-18,"https://www.fsc.gov.tw/en/home.jsp?id=95&parentpath=0,2&mcustomize=lawnew_view.jsp&dataserno=202305180004&dtable=NewsLaw",LUNG MING GREEN ENERGY TECHNOLOGY ENGINEERING,Failure to file financial statements (2022–Q1 2023),"NT$480,000",Failed to complete 2022 to Q1 2023 financial statements as required by the Securities and Exchange Act.,Taiwan
2023-05-18,"https://www.fsc.gov.tw/en/home.jsp?id=95&parentpath=0,2&mcustomize=lawnew_view.jsp&dataserno=202305180003&dtable=NewsLaw","ShengHua Entertainment Communication Co., Ltd.","Failure to file financial statements (2022, Q1 2023)","NT$240,000",Failed to complete 2022 and Q1 2023 financial statements as required by the Securities and Exchange Act.,Taiwan
2023-05-18,"https://www.fsc.gov.tw/en/home.jsp?id=95&parentpath=0,2&mcustomize=lawnew_view.jsp&dataserno=202305180002&dtable=NewsLaw",Unitel High Technology Corporation,Failure to file financial statements (Q3 2022–Q1 2023),"NT$720,000",Failed to complete financial statements from Q3 2022 through Q1 2023 as required by the Securities and Exchange Act.,Taiwan
2023-05-12,"https://www.fsc.gov.tw/en/home.jsp?id=95&parentpath=0,2&mcustomize=lawnew_view.jsp&dataserno=202305170002&dtable=NewsLaw",EPOCH ENERGY TECHNOLOGY CORP,Failure to file financial statements (2022),"NT$240,000",Failed to complete the 2022 financial statements as required by the Securities and Exchange Act.,Taiwan
2023-05-12,"https://www.fsc.gov.tw/en/home.jsp?id=95&parentpath=0,2&mcustomize=lawnew_view.jsp&dataserno=202305170001&dtable=NewsLaw",Clean Air Technology Limited,Failure to file financial statements (2022),"NT$240,000",Failed to complete the 2022 financial statements as required by the Securities and Exchange Act.,Taiwan
2023-05-04,"https://www.fsc.gov.tw/en/home.jsp?id=95&parentpath=0,2&mcustomize=lawnew_view.jsp&dataserno=202305050003&dtable=NewsLaw",Taiwan Land Development Corporation,Failure to file financial statements (2021–2022),"NT$720,000",Failed to complete 2021 to 2022 financial statements as required by the Securities and Exchange Act.,Taiwan
2023-05-04,"https://www.fsc.gov.tw/en/home.jsp?id=95&parentpath=0,2&mcustomize=lawnew_view.jsp&dataserno=202305050002&dtable=NewsLaw","Kaison Green Energy Technology Co., LTD",Failure to file financial statements (2022),"NT$240,000",Failed to complete the 2022 financial statements as required by the Securities and Exchange Act.,Taiwan
2023-04-19,"https://www.fsc.gov.tw/en/home.jsp?id=95&parentpath=0,2&mcustomize=lawnew_view.jsp&dataserno=202305030001&dtable=NewsLaw","IBF Securities Co., Ltd.; Chang",Internal control and conduct violations,"NT$480,000","Former salesperson lent to a client and the firm failed same-IP checks and proper reviews, resulting in a fine and a two-month suspension.",Taiwan
2023-04-18,"https://www.fsc.gov.tw/en/home.jsp?id=95&parentpath=0,2&mcustomize=lawnew_view.jsp&dataserno=202304260001&dtable=NewsLaw","Concord International Securities Co., Ltd.",Multiple internal control and AML deficiencies,"NT$480,000","Inspection found leasing documentation, limit verification, same-IP subscription checks, conflict-of-interest controls, and AML identity reviews were inadequately implemented.",Taiwan
2023-04-17,"https://www.fsc.gov.tw/en/home.jsp?id=95&parentpath=0,2&mcustomize=lawnew_view.jsp&dataserno=202304200001&dtable=NewsLaw",Capital Futures Corp.; Chen; Deng,Futures management and internal control violations,"NT$240,000",Associates provided trading advice in LINE groups and the firm failed supervision; suspensions of two months and one month were imposed.,Taiwan
2023-04-07,"https://www.fsc.gov.tw/en/home.jsp?id=95&parentpath=0,2&mcustomize=lawnew_view.jsp&dataserno=202304100005&dtable=NewsLaw",LUNG MING GREEN ENERGY TECHNOLOGY ENGINEERING,Failure to file financial statements (2022),"NT$240,000",Failed to complete the 2022 financial statements as required by the Securities and Exchange Act.,Taiwan
2023-04-07,"https://www.fsc.gov.tw/en/home.jsp?id=95&parentpath=0,2&mcustomize=lawnew_view.jsp&dataserno=202304100004&dtable=NewsLaw","ShengHua Entertainment Communication Co., Ltd.",Failure to file financial statements (2022),"NT$240,000",Failed to complete the 2022 financial statements as required by the Securities and Exchange Act.,Taiwan
2023-04-07,"https://www.fsc.gov.tw/en/home.jsp?id=95&parentpath=0,2&mcustomize=lawnew_view.jsp&dataserno=202304100003&dtable=NewsLaw","ROO HSING CO., LTD",Failure to file financial statements (2022),"NT$720,000",Failed to complete the 2022 financial statements as required by the Securities and Exchange Act.,Taiwan
2023-03-29,"https://www.fsc.gov.tw/en/home.jsp?id=95&parentpath=0,2&mcustomize=lawnew_view.jsp&dataserno=202304100001&dtable=NewsLaw","Long Bon International Co., Ltd.; Liu",Acquisition/disposal of assets disclosure violations,"NT$240,000",Failed to announce and report share acquisitions within two days as required by asset acquisition and disposal rules.,Taiwan
2023-03-16,"https://www.fsc.gov.tw/en/home.jsp?id=95&parentpath=0,2&mcustomize=lawnew_view.jsp&dataserno=202303170001&dtable=NewsLaw",Unitel High Technology Corporation,Failure to file financial statements (Q3 2022),"NT$720,000",Failed to complete the 2022 Q3 financial statements as required by the Securities and Exchange Act.,Taiwan
2023-03-14,"https://www.fsc.gov.tw/en/home.jsp?id=95&parentpath=0,2&mcustomize=lawnew_view.jsp&dataserno=202303150001&dtable=NewsLaw","ROO HSING CO., LTD",Failure to file financial statements (Q2–Q3 2022),"NT$720,000",Failed to complete the 2022 Q2 and Q3 financial statements as required by the Securities and Exchange Act.,Taiwan
2023-03-07,"https://www.fsc.gov.tw/en/home.jsp?id=95&parentpath=0,2&mcustomize=lawnew_view.jsp&dataserno=202303070001&dtable=NewsLaw",Taiwan Land Development Corporation,Failure to file financial statements (2021–Q2 2022),"NT$720,000",Failed to complete 2021 to Q2 2022 financial statements as required by the Securities and Exchange Act.,Taiwan
2023-02-24,"https://www.fsc.gov.tw/en/home.jsp?id=95&parentpath=0,2&mcustomize=lawnew_view.jsp&dataserno=202303010002&dtable=NewsLaw",Clean Air Technology Limited,Failure to file financial statements (Q2 2022),"NT$480,000",Failed to complete the 2022 Q2 financial statements as required by the Securities and Exchange Act.,Taiwan
2023-02-22,"https://www.fsc.gov.tw/en/home.jsp?id=95&parentpath=0,2&mcustomize=lawnew_view.jsp&dataserno=202302240001&dtable=NewsLaw","Horizon Securities Co., Ltd.; XX Tsai",Multiple conduct and internal control violations,"NT$240,000","Associate kept clients’ passbooks, used a client laptop, placed orders and accepted discretionary trading; firm failed internal controls; six-month suspension imposed.",Taiwan
2023-02-17,"https://www.fsc.gov.tw/en/home.jsp?id=95&parentpath=0,2&mcustomize=lawnew_view.jsp&dataserno=202302220001&dtable=NewsLaw","Mega Securities Co., Ltd.; XX Liu",Multiple conduct and internal control violations,"NT$480,000","Associate held pre-signed powers of attorney, accepted LINE orders, and borrowed/lent funds with clients; firm failed internal controls; one-year suspension imposed.",Taiwan
2023-02-14,"https://www.fsc.gov.tw/en/home.jsp?id=95&parentpath=0,2&mcustomize=lawnew_view.jsp&dataserno=202302170001&dtable=NewsLaw","Taisun Enterprise Co., Ltd.; XX Chan",Asset disposal and board-procedure violations,"NT$480,000",Responsible person failed to follow required asset-disposal procedures and board-meeting rules for a major share sale.,Taiwan
2023-02-13,"https://www.fsc.gov.tw/en/home.jsp?id=95&parentpath=0,2&mcustomize=lawnew_view.jsp&dataserno=202302200001&dtable=NewsLaw",LUNG MING GREEN ENERGY TECHNOLOGY ENGINEERING,Failure to file financial statements (Q3 2022),"NT$240,000",Failed to complete the 2022 Q3 financial statements as required by the Securities and Exchange Act.,Taiwan
2023-02-09,"https://www.fsc.gov.tw/en/home.jsp?id=95&parentpath=0,2&mcustomize=lawnew_view.jsp&dataserno=202303060002&dtable=NewsLaw","Masterlink Securities Co., Ltd.",Internal control and AML/CTF deficiencies,"NT$480,000","Failed to implement required internal controls including account opening, daily trading limit checks, same-IP reviews, and customer risk assessments.",Taiwan
2023-02-07,"https://www.fsc.gov.tw/en/home.jsp?id=95&parentpath=0,2&mcustomize=lawnew_view.jsp&dataserno=202302090001&dtable=NewsLaw",Unitel High Technology Corporation,Failure to file financial statements (Q3 2022),"NT$480,000",Failed to complete the 2022 Q3 financial statements as required by the Securities and Exchange Act.,Taiwan
2023-02-03,"https://www.fsc.gov.tw/en/home.jsp?id=95&parentpath=0,2&mcustomize=lawnew_view.jsp&dataserno=202302100001&dtable=NewsLaw",Unitel High Technology Corporation; XX Liu,Late disclosure of material litigation events,"NT$240,000",Responsible person failed to promptly announce and file court judgment and enforcement events that materially affected shareholders’ equity.,Taiwan
2023-02-01,"https://www.fsc.gov.tw/en/home.jsp?id=95&parentpath=0,2&mcustomize=lawnew_view.jsp&dataserno=202302030001&dtable=NewsLaw","ROO HSING CO., LTD",Failure to file financial statements (Q2–Q3 2022),"NT$720,000",Failed to complete the 2022 Q2–Q3 financial statements as required by the Securities and Exchange Act.,Taiwan
2023-01-16,"https://www.fsc.gov.tw/en/home.jsp?id=95&parentpath=0,2&mcustomize=lawnew_view.jsp&dataserno=202301190001&dtable=NewsLaw",Taiwan Land Development Corporation,Failure to file financial statements (2021–Q2 2022),"NT$720,000",Failed to complete 2021 to Q2 2022 financial statements as required by the Securities and Exchange Act.,Taiwan
2022-12-30,"https://www.fsc.gov.tw/en/home.jsp?id=95&parentpath=0,2&mcustomize=lawnew_view.jsp&dataserno=202301170001&dtable=NewsLaw","JihSun Securities Co., Ltd.",AML/CTF internal control deficiencies,"NT$480,000",Failed to conduct timely high-risk customer reviews and handle suspicious transaction reports per internal standards.,Taiwan
2022-12-30,"https://www.fsc.gov.tw/en/home.jsp?id=95&parentpath=0,2&mcustomize=lawnew_view.jsp&dataserno=202301040001&dtable=NewsLaw","President Securities Co., Ltd.",Internal control deficiencies,"NT$240,000","Improper handling of powers of attorney, access control, and client statement confirmations showed failure to implement internal controls.",Taiwan
2022-12-29,"https://www.fsc.gov.tw/en/home.jsp?id=95&parentpath=0,2&mcustomize=lawnew_view.jsp&dataserno=202301030001&dtable=NewsLaw","BankTaiwan Securities Co., Ltd.",Internal control and compliance violations,"NT$480,000","Deficiencies in insider account handling, conflict checks, email controls, credit line consolidation, pricing, and subscription IP verification.",Taiwan
2022-12-27,"https://www.fsc.gov.tw/en/home.jsp?id=95&parentpath=0,2&mcustomize=lawnew_view.jsp&dataserno=202401250003&dtable=NewsLaw",Capital Futures Corp.,Leverage transaction valuation/control violation,"NT$240,000",Failed to maintain effective valuation and control mechanisms for derivatives as a leverage transaction merchant.,Taiwan
2022-12-21,"https://www.fsc.gov.tw/en/home.jsp?id=95&parentpath=0,2&mcustomize=lawnew_view.jsp&dataserno=202212300002&dtable=NewsLaw","ROO HSING CO., LTD",Failure to file financial statements (Q2–Q3 2022),"NT$720,000",Failed to complete 2022 Q2 and Q3 financial statements as required by the Securities and Exchange Act.,Taiwan
2022-12-20,"https://www.fsc.gov.tw/en/home.jsp?id=95&parentpath=0,2&mcustomize=lawnew_view.jsp&dataserno=202304100002&dtable=NewsLaw",Nan Shan Life; Cathay Life; Taiwan Life; Shin Kong Life; China Life,Late/omitted disclosure of material event,"NT$4,080,000",Five insurers failed to announce in time a business-model change for managing financial assets that materially affected shareholders’ equity.,Taiwan
2022-12-07,"https://www.fsc.gov.tw/en/home.jsp?id=95&parentpath=0,2&mcustomize=lawnew_view.jsp&dataserno=202303060001&dtable=NewsLaw","Masterlink Securities Co., Ltd.",AML risk assessment deficiency,"NT$240,000","Did not properly assess and assign money-laundering/terrorism-financing risk levels for customers, undermining internal controls.",Taiwan
2022-11-30,"https://www.fsc.gov.tw/en/home.jsp?id=95&parentpath=0,2&mcustomize=lawnew_view.jsp&dataserno=202212010001&dtable=NewsLaw","Sunfun Info Co., Ltd.",Loans/endorsements rules violation,"NT$240,000",Kept a loan outstanding longer than one year in breach of loaning of funds and endorsements/guarantees regulations.,Taiwan
2022-11-29,"https://www.fsc.gov.tw/en/home.jsp?id=95&parentpath=0,2&mcustomize=lawnew_view.jsp&dataserno=202211300002&dtable=NewsLaw",CHUNG FU TEX-INTERNATIONAL CORPORATION,Failure to file financial statements (Q2–Q3 2022),"NT$720,000",Failed to complete 2022 Q2 and Q3 financial statements as required by the Securities and Exchange Act.,Taiwan
2022-11-29,"https://www.fsc.gov.tw/en/home.jsp?id=95&parentpath=0,2&mcustomize=lawnew_view.jsp&dataserno=202211300001&dtable=NewsLaw",Taiwan Land Development Corporation,Failure to file financial statements (2021–Q2 2022),"NT$720,000",Failed to complete 2021 to Q2 2022 financial statements as required by the Securities and Exchange Act.,Taiwan
2022-11-18,"https://www.fsc.gov.tw/en/home.jsp?id=95&parentpath=0,2&mcustomize=lawnew_view.jsp&dataserno=202301100002&dtable=NewsLaw","Roo Hsing Co., Ltd.; XX Chang",Late disclosure of remuneration committee appointment,"NT$240,000",Failed to announce within two days the appointment of a remuneration committee member as required.,Taiwan
2022-11-17,"https://www.fsc.gov.tw/en/home.jsp?id=95&parentpath=0,2&mcustomize=lawnew_view.jsp&dataserno=202212120001&dtable=NewsLaw","BankTaiwan Securities Co., Ltd.",Customer data access and internal control deficiencies,"NT$240,000",Improper customer-data access by staff and inadequate approval/audit mechanisms breached internal control rules.,Taiwan
2022-11-15,"https://www.fsc.gov.tw/en/home.jsp?id=95&parentpath=0,2&mcustomize=lawnew_view.jsp&dataserno=202211170001&dtable=NewsLaw","ROO HSING CO., LTD",Failure to file financial statements (Q2–Q3 2022),"NT$480,000",Failed to complete 2022 Q2–Q3 financial statements in accordance with Article 36 requirements.,Taiwan
2022-11-15,"https://www.fsc.gov.tw/en/home.jsp?id=95&parentpath=0,2&mcustomize=lawnew_view.jsp&dataserno=202211170002&dtable=NewsLaw",Unitel High Technology Corporation,Failure to file financial statements (Q3 2022),"NT$240,000",Failed to complete the 2022 Q3 financial statements as required by the Securities and Exchange Act.,Taiwan
2022-10-27,"https://www.fsc.gov.tw/en/home.jsp?id=95&parentpath=0,2&mcustomize=lawnew_view.jsp&dataserno=202402020001&dtable=NewsLaw","Hua Nan Futures Co., Ltd.",Futures margin and position control violations,"NT$240,000","Did not set open-position controls or collect full margins before accepting futures orders, contrary to internal rules.",Taiwan
2022-10-24,"https://www.fsc.gov.tw/en/home.jsp?id=95&parentpath=0,2&mcustomize=lawnew_view.jsp&dataserno=202402010002&dtable=NewsLaw","President Futures Co., Ltd.",Futures margin and position control violations,"NT$240,000",Lacked controls on customer open positions and failed to collect full margins before accepting orders.,Taiwan
2022-10-24,"https://www.fsc.gov.tw/en/home.jsp?id=95&parentpath=0,2&mcustomize=lawnew_view.jsp&dataserno=202402010001&dtable=NewsLaw",MasterLink Futures Corporation,Futures margin and position control violations,"NT$240,000",Did not configure open-position controls and failed to collect full margins prior to order acceptance.,Taiwan
2022-10-05,"https://www.fsc.gov.tw/en/home.jsp?id=95&parentpath=0,2&mcustomize=lawnew_view.jsp&dataserno=202211020001&dtable=NewsLaw","Masterlink Securities Co., Ltd.; XX Huang",Discretionary trading and client funds/custody violations,"NT$240,000","Associate accepted discretionary orders and kept client funds/seals, and the firm failed key internal controls; six-month suspension ordered.",Taiwan
"2022-09-20","https://www.fsc.gov.tw/en/home.jsp?id=95&parentpath=0,2&mcustomize=lawnew_view.jsp&dataserno=202209210001&dtable=NewsLaw","Taiwan
 Land Development Corporation","Failure to file financial statements (2021–Q2 2022)","NT$720,000","Failed to complete 2021 to Q2 2022 financial statements as required by the Securities and Exchange Act.","Taiwan"
"2022-09-02","https://www.fsc.gov.tw/en/home.jsp?id=95&parentpath=0,2&mcustomize=lawnew_view.jsp&dataserno=202209050001&dtable=NewsLaw","LUMINOUS
 TOWN ELECTRIC CO., LTD.","Financial reporting deficiency (missing accounting manager signature)","NT$240,000","Filed 2022 Q2 financials without the required accounting manager’s signature or seal.","Taiwan"
"2022-08-23","https://www.fsc.gov.tw/en/home.jsp?id=95&parentpath=0,2&mcustomize=lawnew_view.jsp&dataserno=202208230003&dtable=NewsLaw","Clean
 Air Technology Limited","Failure to file financial statements (Q2 2022)","NT$240,000","Failed to complete the 2022 Q2 financial statements in accordance with Article 36 requirements.","Taiwan"
"2022-08-18","https://www.fsc.gov.tw/en/home.jsp?id=95&parentpath=0,2&mcustomize=lawnew_view.jsp&dataserno=202208230001&dtable=NewsLaw","Cayenne's
 Ark Mobile Co., Ltd.","Failure to file financial statements (Q2 2022)","NT$240,000","Failed to complete the 2022 Q2 financial statements as required by the Securities and Exchange Act.","Taiwan"
"2022-08-16","https://www.fsc.gov.tw/en/home.jsp?id=95&parentpath=0,2&mcustomize=lawnew_view.jsp&dataserno=202208190001&dtable=NewsLaw","Sunmax
 Biotechnology Co., Ltd.; XX Lin","Corporate governance/board composition violation","NT$240,000","Failed to hold a by-election for an independent director at the latest AGM after a resignation caused noncompliance with the charter.","Taiwan"
"2022-08-16","https://www.fsc.gov.tw/en/home.jsp?id=95&parentpath=0,2&mcustomize=lawnew_view.jsp&dataserno=202208180007&dtable=NewsLaw","AC&C
 INTERNATIONAL CO., LTD.","Failure to file financial statements (2021–Q2 2022)","NT$480,000","Failed to complete financial statements for 2021 through Q2 2022 as required by the Securities and Exchange Act.","Taiwan"
"2022-08-16","https://www.fsc.gov.tw/en/home.jsp?id=95&parentpath=0,2&mcustomize=lawnew_view.jsp&dataserno=202208180006&dtable=NewsLaw","Billionton
 Systems Inc.","Failure to file financial statements (Q3 2021–Q2 2022)","NT$720,000","Failed to complete financial statements from Q3 2021 to Q2 2022 in accordance with Article 36 requirements.","Taiwan"
"2022-08-16","https://www.fsc.gov.tw/en/home.jsp?id=95&parentpath=0,2&mcustomize=lawnew_view.jsp&dataserno=202208180005&dtable=NewsLaw","Taiwan
 Land Development Corporation","Failure to file financial statements (2021–Q2 2022)","NT$720,000","Failed to complete 2021 to Q2 2022 financial statements as required by the Securities and Exchange Act.","Taiwan"
"2022-08-16","https://www.fsc.gov.tw/en/home.jsp?id=95&parentpath=0,2&mcustomize=lawnew_view.jsp&dataserno=202208180004&dtable=NewsLaw","CHUNG
 FU TEX-INTERNATIONAL CORPORATION","Failure to file financial statements (Q2 2022)","NT$480,000","Failed to complete the 2022 Q2 financial statements as required by the Securities and Exchange Act.","Taiwan"
"2022-08-16","https://www.fsc.gov.tw/en/home.jsp?id=95&parentpath=0,2&mcustomize=lawnew_view.jsp&dataserno=202208180003&dtable=NewsLaw","ROO
 HSING CO., LTD","Failure to file financial statements (Q2 2022)","NT$240,000","Failed to complete the 2022 Q2 financial statements in accordance with Article 36 requirements.","Taiwan"
"2022-08-12","https://www.fsc.gov.tw/en/home.jsp?id=95&parentpath=0,2&mcustomize=lawnew_view.jsp&dataserno=202208180002&dtable=NewsLaw","J-TEK
 INCORPORATION CO., LTD.","Reporting/filing violation (operations overview)","NT$240,000","Failed to file the June 2022 operations overview by the regulatory deadline under Article 36.","Taiwan"
"2022-08-05","https://www.fsc.gov.tw/en/home.jsp?id=95&parentpath=0,2&mcustomize=lawnew_view.jsp&dataserno=202212120002&dtable=NewsLaw","BONNY
 WORLDWIDE LIMITED","Financial reporting deficiency (missing accounting manager signature)","NT$240,000","Báo cáo tài chính Q1/2022 nộp thiếu chữ ký hoặc con dấu của kế toán trưởng theo quy định.","Taiwan"
"2022-08-05","https://www.fsc.gov.tw/en/home.jsp?id=95&parentpath=0,2&mcustomize=lawnew_view.jsp&dataserno=202208180001&dtable=NewsLaw","Solar
 Applied Materials Technology Corporation; XX Ma","Corporate governance/board composition violation","NT$240,000","Không triệu tập ĐHĐCĐ bất thường để bầu bổ sung khi số ghế HĐQT khuyết vượt 1/3 theo điều lệ.","Taiwan"
"2022-08-02","https://www.fsc.gov.tw/en/home.jsp?id=95&parentpath=0,2&mcustomize=lawnew_view.jsp&dataserno=202208090002&dtable=NewsLaw","KGI
 Securities Co., Ltd.","Serious internal control & corporate governance failures","NT$2,400,000","Vi phạm nguyên tắc quản trị và kiểm soát nội bộ nghiêm trọng ảnh hưởng hoạt động chứng khoán, bị phạt tiền và xử lý giảm lương/đình chỉ lãnh đạo.","Taiwan"
"2022-07-26","https://www.fsc.gov.tw/en/home.jsp?id=95&parentpath=0,2&mcustomize=lawnew_view.jsp&dataserno=202207270001&dtable=NewsLaw","Taiwan
 Land Development Corporation","Failure to file financial statements (2021 & Q1 2022)","NT$480,000","Không hoàn thành báo cáo tài chính năm 2021 và Q1/2022 theo yêu cầu của luật chứng khoán.","Taiwan"
"2022-07-25","https://www.fsc.gov.tw/en/home.jsp?id=95&parentpath=0,2&mcustomize=lawnew_view.jsp&dataserno=202208020002&dtable=NewsLaw","Horizon
 Securities Co., Ltd.","Internal control & AML deficiencies","NT$480,000","Thiếu sót trong kiểm soát giao dịch nội bộ, quản lý rủi ro và thủ tục AML/CTF theo quy định.","Taiwan"
"2022-07-18","https://www.fsc.gov.tw/en/home.jsp?id=95&parentpath=0,2&mcustomize=lawnew_view.jsp&dataserno=202402020002&dtable=NewsLaw","Mega
 Futures Co., Ltd.","Client funds handling violation","NT$120,000","Tự ý chuyển số dư ký quỹ trong nước sang tài khoản ký quỹ nước ngoài của khách hàng khi chưa có chỉ thị.","Taiwan"
"2022-07-18","https://www.fsc.gov.tw/en/home.jsp?id=95&parentpath=0,2&mcustomize=lawnew_view.jsp&dataserno=202208090001&dtable=NewsLaw","KGI
 Securities Co., Ltd.","Public offering/subscription control deficiencies","NT$240,000","Thiếu cơ chế kiểm soát phí, xác minh IP trùng và khả năng mượn danh trong đặt lệnh/đăng ký mua chứng khoán.","Taiwan"
"2022-07-15","https://www.fsc.gov.tw/en/home.jsp?id=95&parentpath=0,2&mcustomize=lawnew_view.jsp&dataserno=202207180001&dtable=NewsLaw","GTIC
 Gold Refinery (S) Co.,Ltd","Failure to file financial statements (2020–2021 multiple quarters)","NT$720,000","Không hoàn thành báo cáo tài chính các quý Q2&Q4/2020 và Q2&Q4/2021 theo quy định.","Taiwan"
"2022-07-13","https://www.fsc.gov.tw/en/home.jsp?id=95&parentpath=0,2&mcustomize=lawnew_view.jsp&dataserno=202207140001&dtable=NewsLaw","CONCRAFT
 HOLDING CO., LTD","Improper intercompany loan/guarantee practices","NT$240,000","Cho vay vượt thời hạn/quy định theo Quy chế cho vay/bảo lãnh của công ty đại chúng.","Taiwan"
"2022-07-05","https://www.fsc.gov.tw/en/home.jsp?id=95&parentpath=0,2&mcustomize=lawnew_view.jsp&dataserno=202207060001&dtable=NewsLaw","Clean
 Air Technology Limited","Financial reporting deficiency (missing accounting manager signature)","NT$240,000","Báo cáo tài chính Q4/2021 nộp thiếu chữ ký hoặc con dấu của kế toán trưởng theo quy định.","Taiwan"
"2022-07-01","https://www.fsc.gov.tw/en/home.jsp?id=95&parentpath=0,2&mcustomize=lawnew_view.jsp&dataserno=202207060002&dtable=NewsLaw","Zheng○○
 Certified Public Accountant","AML compliance violations","NT$100,000","Cản trở kiểm tra tại chỗ và không thực hiện quy trình xác minh danh tính khách hàng theo Luật PCTD.","Taiwan"
"2022-06-30","https://www.fsc.gov.tw/en/home.jsp?id=95&parentpath=0,2&mcustomize=lawnew_view.jsp&dataserno=202207010002&dtable=NewsLaw","Billionton
 Systems Inc.","Failure to file financial statements (Q3 2021–Q1 2022)","NT$720,000","Không hoàn thành báo cáo tài chính từ Q3/2021 đến Q1/2022 theo yêu cầu pháp luật.","Taiwan"
"2022-06-29","https://www.fsc.gov.tw/en/home.jsp?id=95&parentpath=0,2&mcustomize=lawnew_view.jsp&dataserno=202207260001&dtable=NewsLaw","Mega
 Securities Co., Ltd.","Information security & internal control deficiencies","NT$240,000","Thiếu sót bảo mật CNTT và kiểm soát nội bộ; bị yêu cầu tăng hệ số rủi ro vốn đến khi khắc phục.","Taiwan"
"2022-06-21","https://www.fsc.gov.tw/en/home.jsp?id=95&parentpath=0,2&mcustomize=lawnew_view.jsp&dataserno=202207060003&dtable=NewsLaw","Evertop
 Wire Cable Corporation; XX Wang","Company Act violation (shareholder proposal)","NT$240,000","Không đưa đề án hợp lệ của cổ đông vào chương trình họp ĐHĐCĐ 2022 theo Luật Doanh nghiệp.","Taiwan"
"2022-06-10","https://www.fsc.gov.tw/en/home.jsp?id=95&parentpath=0,2&mcustomize=lawnew_view.jsp&dataserno=202206170003&dtable=NewsLaw","NUUO
 Inc.; XX Yang","Late disclosure of material contract","NT$240,000","Chậm công bố giao dịch hợp đồng trọng yếu với bên liên quan ảnh hưởng quyền lợi cổ đông.","Taiwan"
"2022-06-10","https://www.fsc.gov.tw/en/home.jsp?id=95&parentpath=0,2&mcustomize=lawnew_view.jsp&dataserno=202206170002&dtable=NewsLaw","Taiwan
 Land Development Corporation; XX Chiu","Late disclosure of derivatives trading info","NT$240,000","Chậm công bố/khai báo thông tin giao dịch phái sinh các tháng 3–4/2022 theo quy định.","Taiwan"
"2022-06-09","https://www.fsc.gov.tw/en/home.jsp?id=95&parentpath=0,2&mcustomize=lawnew_view.jsp&dataserno=202206170001&dtable=NewsLaw","CJW
 International Co., Ltd.; XX Chang","Late disclosure of major asset transaction change","NT$240,000","Chậm công bố việc chấm dứt hợp đồng mua trung tâm thương mại tại Malaysia trong thời hạn 2 ngày.","Taiwan"
"2022-06-08","https://www.fsc.gov.tw/en/home.jsp?id=95&parentpath=0,2&mcustomize=lawnew_view.jsp&dataserno=202206140001&dtable=NewsLaw","Strength
 Master Fitness Tech Co.,Ltd","Internal control statement deficiency","NT$240,000","Không hoàn thành Tuyên bố hệ thống kiểm soát nội bộ năm 2021 theo yêu cầu pháp luật.","Taiwan"
"2022-06-07","https://www.fsc.gov.tw/en/home.jsp?id=95&parentpath=0,2&mcustomize=lawnew_view.jsp&dataserno=202206090001&dtable=NewsLaw","GTIC
 Gold Refinery (S) Co., Ltd.","Internal control statement not completed (2021)","NT$240,000","Failed to file the 2021 Internal Control System Statement under Art. 14-1(3) SEA.","Taiwan"
"2022-05-18","https://www.fsc.gov.tw/en/home.jsp?id=95&parentpath=0,2&mcustomize=lawnew_view.jsp&dataserno=202205250001&dtable=NewsLaw","Strength
 Master Fitness Tech Co., Ltd.","Failure to file 2021 financial statements","NT$240,000","Did not complete 2021 financials as required by Art. 36(1) SEA.","Taiwan"
"2022-05-17","https://www.fsc.gov.tw/en/home.jsp?id=95&parentpath=0,2&mcustomize=lawnew_view.jsp&dataserno=202205250003&dtable=NewsLaw","Taiwan
 Land Development Corporation","Failure to file 2021 & Q1 2022 financials","NT$240,000","Did not complete 2021 and Q1 2022 financial statements under Art. 36(1)(2) SEA.","Taiwan"
"2022-05-17","https://www.fsc.gov.tw/en/home.jsp?id=95&parentpath=0,2&mcustomize=lawnew_view.jsp&dataserno=202205250002&dtable=NewsLaw","Billionton
 Systems Inc.","Failure to file Q3 2021–Q1 2022 financials","NT$480,000","Did not complete Q3 2021 to Q1 2022 financial statements under Art. 36(1)(2) SEA.","Taiwan"
"2022-05-11","https://www.fsc.gov.tw/en/home.jsp?id=95&parentpath=0,2&mcustomize=lawnew_view.jsp&dataserno=202205170001&dtable=NewsLaw","LUXE
 ELECTRIC CO., LTD.","Internal control statement not completed (2021)","NT$240,000","Failed to file the 2021 Internal Control System Statement under Art. 14-1(3) SEA.","Taiwan"
"2022-05-04","https://www.fsc.gov.tw/en/home.jsp?id=95&parentpath=0,2&mcustomize=lawnew_view.jsp&dataserno=202205110001&dtable=NewsLaw","Fubon
 Securities Co., Ltd. and its associated person","Futures misconduct & supervision failure","NT$120,000","Associated person used client account for futures trading; firm failed supervision. Associated person suspended 4 months.","Taiwan"
"2022-05-03","https://www.fsc.gov.tw/en/home.jsp?id=95&parentpath=0,2&mcustomize=lawnew_view.jsp&dataserno=202205310001&dtable=NewsLaw","Concord
 Futures Co., Ltd. and associated person Chen","Discretionary trading for clients; internal control failures","NT$360,000","Associated person engaged/assisted in full discretionary trading; inadequate same-IP reviews. Chen suspended 6 months.","Taiwan"
"2022-05-03","https://www.fsc.gov.tw/en/home.jsp?id=95&parentpath=0,2&mcustomize=lawnew_view.jsp&dataserno=202205240001&dtable=NewsLaw","Concord
 Futures Co., Ltd. and associated person Chen","Discretionary trading for clients; internal control failures","NT$360,000","Associated person engaged/assisted in full discretionary trading; inadequate same-IP reviews. Chen suspended 6 months.","Taiwan"
"2022-04-13","https://www.fsc.gov.tw/en/home.jsp?id=95&parentpath=0,2&mcustomize=lawnew_view.jsp&dataserno=202401250002&dtable=NewsLaw","Capital
 Futures Corp.","Subsidiary oversight & disclosure failures","NT$360,000","Did not declare subsidiary business changes; ineffective internal control over subsidiaries.","Taiwan"
"2022-04-01","https://www.fsc.gov.tw/en/home.jsp?id=95&parentpath=0,2&mcustomize=lawnew_view.jsp&dataserno=202205090002&dtable=NewsLaw","Billionton
 Systems Inc.","Failure to file 2021 financial statements","NT$240,000","Did not complete 2021 financials under Art. 36(1) SEA.","Taiwan"
"2022-04-01","https://www.fsc.gov.tw/en/home.jsp?id=95&parentpath=0,2&mcustomize=lawnew_view.jsp&dataserno=202205090001&dtable=NewsLaw","LUXE
 ELECTRIC CO., LTD.","Failure to file 2021 financial statements","NT$240,000","Did not complete 2021 financials under Art. 36(1) SEA.","Taiwan"
"2022-04-01","https://www.fsc.gov.tw/en/home.jsp?id=95&parentpath=0,2&mcustomize=lawnew_view.jsp&dataserno=202204080002&dtable=NewsLaw","CHUNG
 FU TEX-INTERNATIONAL CORPORATION","Failure to file 2021 financial statements","NT$240,000","Did not complete 2021 financials under Art. 36(1) SEA.","Taiwan"
"2022-04-01","https://www.fsc.gov.tw/en/home.jsp?id=95&parentpath=0,2&mcustomize=lawnew_view.jsp&dataserno=202204080001&dtable=NewsLaw","Taiwan
 Land Development Corporation","Failure to file 2021 financial statements","NT$240,000","Did not complete 2021 financials under Art. 36(1) SEA.","Taiwan"
"2022-03-17","https://www.fsc.gov.tw/en/home.jsp?id=95&parentpath=0,2&mcustomize=lawnew_view.jsp&dataserno=202203230002&dtable=NewsLaw","Kinpo
 Electronics Inc.; responsible person XX Hsu","Board procedure & remuneration committee violations","NT$720,000","Conflict-of-interest handling and Remuneration Committee assessment deficiencies re transfer of treasury shares; failure to obtain shareholders’ approval for concurrent post.","Taiwan"
"2022-03-16","https://www.fsc.gov.tw/en/home.jsp?id=95&parentpath=0,2&mcustomize=lawnew_view.jsp&dataserno=202402050001&dtable=NewsLaw","Reliance
 Securities Co., Ltd.","Futures introducing broker internal control failures","NT$240,000","Sent client reports to employees’ emails; lacked same-IP order inspections.","Taiwan"
"2022-03-16","https://www.fsc.gov.tw/en/home.jsp?id=95&parentpath=0,2&mcustomize=lawnew_view.jsp&dataserno=202203230001&dtable=NewsLaw","Solar
 Applied Materials Technology Corporation; responsible person XX Ma","Board minutes deficiency (extraordinary motions)","NT$240,000","Minutes for motions to dismiss/elect chairman lacked required summary of directors’ comments.","Taiwan"
"2022-03-11","https://www.fsc.gov.tw/en/home.jsp?id=95&parentpath=0,2&mcustomize=lawnew_view.jsp&dataserno=202205090003&dtable=NewsLaw","Taiwan
 Cooperative Securities Co., Ltd.","Widespread internal control & brokerage compliance failures","NT$480,000","Issues included insider/related account controls, agents trading for clients, statement-to-employee emails, foreign bond price checks, and missing public subscription verifications.","Taiwan"
"2022-03-11","https://www.fsc.gov.tw/en/home.jsp?id=95&parentpath=0,2&mcustomize=lawnew_view.jsp&dataserno=202204110001&dtable=NewsLaw","Taiwan
 Cooperative Securities Co., Ltd.","Widespread internal control & brokerage compliance failures","NT$480,000","Issues included insider/related account controls, agents trading for clients, statement-to-employee emails, foreign bond price checks, and missing public subscription verifications.","Taiwan"
"2022-03-09","https://www.fsc.gov.tw/en/home.jsp?id=95&parentpath=0,2&mcustomize=lawnew_view.jsp&dataserno=202203170001&dtable=NewsLaw","KGI
 Securities Co., Ltd.","Internal control deficiencies","NT$240,000","Various failures (e.g., shared mainframe access without approval, inaccurate IP records, inadequate conflict checks); corrective action also required.","Taiwan"
"2022-03-08","https://www.fsc.gov.tw/en/home.jsp?id=95&parentpath=0,2&mcustomize=lawnew_view.jsp&dataserno=202203150001&dtable=NewsLaw","President
 Securities Corporation","Market-maker quotation obligation violations","NT$720,000","Failed continuous quotation/professional judgment duties and to adjust to market supply/demand.","Taiwan"
"2022-02-17","https://www.fsc.gov.tw/en/home.jsp?id=95&parentpath=0,2&mcustomize=lawnew_view.jsp&dataserno=202202230001&dtable=NewsLaw","Enterex
 International Limited; former responsible person Wong XX","Corporate governance (independent directors by-election not held)","NT$480,000","Did not hold by-election within 60 days after all independent directors resigned; repeat non-compliance after prior fine.","Taiwan"
"2022-02-16","https://www.fsc.gov.tw/en/home.jsp?id=95&parentpath=0,2&mcustomize=lawnew_view.jsp&dataserno=202202220001&dtable=NewsLaw","Taiwan
 Business Bank Co., Ltd.","Securities firm internal control violation","NT$240,000","TBB allowed staff to place orders and handle brokerage on behalf of others and lacked proper user authority controls.","Taiwan"
"2022-02-07","https://www.fsc.gov.tw/en/home.jsp?id=95&parentpath=0,2&mcustomize=lawnew_view.jsp&dataserno=202202100001&dtable=NewsLaw","HOTAI
 INSURANCE CO., LTD.","Late regulatory filing","NT$240,000","The company failed to file the December 2021 operations overview by the required deadline.","Taiwan"
"2022-01-18","https://www.fsc.gov.tw/en/home.jsp?id=95&parentpath=0,2&mcustomize=lawnew_view.jsp&dataserno=202201240001&dtable=NewsLaw","Fubon
 Securities Co., Ltd.","Securities firm internal control & suitability failures","NT$480,000","Fubon failed to retain call records, confirm investor qualifications, and properly supervise associated persons and complaints.","Taiwan"
"2022-01-11","https://www.fsc.gov.tw/en/home.jsp?id=95&parentpath=0,2&mcustomize=lawnew_view.jsp&dataserno=202201170001&dtable=NewsLaw","President
 Securities Co., Ltd.","Improper acceptance of agent orders","NT$240,000","An associated person accepted telephone trading orders from an agent without a customer power of attorney.","Taiwan"
"2022-01-06","https://www.fsc.gov.tw/en/home.jsp?id=95&parentpath=0,2&mcustomize=lawnew_view.jsp&dataserno=202201210003&dtable=NewsLaw","BankTaiwan
 Securities Co., Ltd.","Information security & internal control deficiencies","NT$720,000","The firm had missing traffic cleaning on hosts, outdated IT documents, weak vendor change control, incomplete data checks, and delayed incident reporting.","Taiwan"
"2021-12-28","https://www.fsc.gov.tw/en/home.jsp?id=95&parentpath=0,2&mcustomize=lawnew_view.jsp&dataserno=202201050001&dtable=NewsLaw","Enterex
 International Limited; XX Wong","Corporate governance/director vacancy violation","NT$480,000","The responsible person failed to convene a by-election after director vacancies exceeded one-third and did not remedy the breach by the deadline.","Taiwan"
"2021-12-27","https://www.fsc.gov.tw/en/home.jsp?id=95&parentpath=0,2&mcustomize=lawnew_view.jsp&dataserno=202401250001&dtable=NewsLaw","JihSun
 Futures Co., Ltd.","Futures management/internal control deficiency","NT$120,000","The firm lacked adequate procedures and effective control for associated persons’ system access, breaching futures regulations.","Taiwan"
"2021-12-27","https://www.fsc.gov.tw/en/home.jsp?id=95&parentpath=0,2&mcustomize=lawnew_view.jsp&dataserno=202201030010&dtable=NewsLaw","Hua
 Nan Futures Co., Ltd.","Conflict-of-interest controls failure","NT$240,000","The firm failed to check associated persons’ order records for conflicts of interest as required by internal controls.","Taiwan"
"2021-12-27","https://www.fsc.gov.tw/en/home.jsp?id=95&parentpath=0,2&mcustomize=lawnew_view.jsp&dataserno=202201030009&dtable=NewsLaw","Enterex
 International Limited","Financial reporting noncompliance","NT$720,000","The company failed to complete financial statements from Q3 2020 to Q3 2021 as required by the Securities and Exchange Act.","Taiwan"
"2021-12-16","https://www.fsc.gov.tw/en/home.jsp?id=95&parentpath=0,2&mcustomize=lawnew_view.jsp&dataserno=202112230001&dtable=NewsLaw","SinoPac
 Futures Co., Ltd.","Futures management/internal control violations","NT$240,000","The firm failed to test an API before first use and shared real-time information without Taiwan Futures Exchange consent, breaching internal controls.","Taiwan"
"2021-12-14","https://www.fsc.gov.tw/en/home.jsp?id=95&parentpath=0,2&mcustomize=lawnew_view.jsp&dataserno=202112150001&dtable=NewsLaw","VHQ
 MEDIA HOLDINGS LTD","Financial reporting noncompliance","NT$240,000","The company failed to restate the Q3 2021 financial statements as required.","Taiwan"
"2021-12-09","https://www.fsc.gov.tw/en/home.jsp?id=95&parentpath=0,2&mcustomize=lawnew_view.jsp&dataserno=202201240002&dtable=NewsLaw","Financial
 Supervisory Commission (FSC)","Regulatory amendment","NT$0","FSC amended rules requiring certain listed companies to upload shareholders’ meeting handbooks 30 days in advance.","Taiwan"
"2021-12-07","https://www.fsc.gov.tw/en/home.jsp?id=95&parentpath=0,2&mcustomize=lawnew_view.jsp&dataserno=202112130003&dtable=NewsLaw","GTIC
 Gold Refinery (S) Co.,Ltd","Financial reporting noncompliance","NT$720,000","The company failed to complete financial statements for Q2 2021 and Q2 & Q4 2020 as required by the Securities and Exchange Act.","Taiwan"
"2021-12-03","https://www.fsc.gov.tw/en/home.jsp?id=95&parentpath=0,2&mcustomize=lawnew_view.jsp&dataserno=202204070001&dtable=NewsLaw","Inclusion
 Securities Investment Consultant Co., Ltd.","Unapproved business activity","NT$600,000","The company promoted other industries’ products for remuneration without approval, violating the SITC Act.","Taiwan"
"2021-12-01","https://www.fsc.gov.tw/en/home.jsp?id=95&parentpath=0,2&mcustomize=lawnew_view.jsp&dataserno=202201190001&dtable=NewsLaw","Masterlink
 Futures Co., Ltd.","Futures management/internal control violation","NT$120,000","The firm failed to offset a trader’s position at the agency threshold and had lax internal audits, breaching futures rules.","Taiwan"
"2021-11-16","https://www.fsc.gov.tw/en/home.jsp?id=95&parentpath=0,2&mcustomize=lawnew_view.jsp&dataserno=202111190002&dtable=NewsLaw","Enterex
 International Limited","Financial reporting noncompliance","NT$480,000","The company failed to complete financial statements from Q3 2020 through Q3 2021 as required.","Taiwan"
"2021-11-16","https://www.fsc.gov.tw/en/home.jsp?id=95&parentpath=0,2&mcustomize=lawnew_view.jsp&dataserno=202111190001&dtable=NewsLaw","Billionton
 Systems Inc.","Financial reporting noncompliance","NT$240,000","The company failed to complete the Q3 2021 financial statements as required by Article 36.","Taiwan"
"2021-11-02","https://www.fsc.gov.tw/en/home.jsp?id=95&parentpath=0,2&mcustomize=lawnew_view.jsp&dataserno=202201130001&dtable=NewsLaw","Mercuries
 Life Insurance Co.","Insurance compliance violations","NT$2,400,000","The company had multiple solicitation, suitability, disclosure, and supervision failures in selling investment-linked policies.","Taiwan"
"2021-10-28","https://www.fsc.gov.tw/en/home.jsp?id=95&parentpath=0,2&mcustomize=lawnew_view.jsp&dataserno=202110290001&dtable=NewsLaw","GTIC
 Gold Refinery (S) Co.,Ltd","Financial reporting noncompliance","NT$720,000","The company failed to complete financial statements for Q2 2021 and Q2 & Q4 2020 as required.","Taiwan"
"2021-10-21","https://www.fsc.gov.tw/en/home.jsp?id=95&parentpath=0,2&mcustomize=lawnew_view.jsp&dataserno=202110260001&dtable=NewsLaw","Enterex
 International Limited; XX Wong","Corporate governance/director vacancy violation","NT$240,000","The responsible person failed to convene an extraordinary by-election within 60 days after independent directors resigned, breaching governance rules.","Taiwan"
"2021-10-15","https://www.fsc.gov.tw/en/home.jsp?id=95&parentpath=0,2&mcustomize=lawnew_view.jsp&dataserno=202110180001&dtable=NewsLaw","ShengHua
 Entertainment Communication Co., Ltd.","Loaning of funds violation","NT$240,000","The company made an overdue, unrecovered loan to Comedian Productions, LLC contrary to loaning/endorsement rules.","Taiwan"
"2021-10-07","https://www.fsc.gov.tw/en/home.jsp?id=95&parentpath=0,2&mcustomize=lawnew_view.jsp&dataserno=202110200001&dtable=NewsLaw","KGI
 Futures Co., Ltd.","AML/CFT and internal control deficiencies","NT$120,000","The firm failed to retain evidence and call recordings and did not properly review and analyze transaction alerts for AML/CFT.","Taiwan"
"2021-10-07","https://www.fsc.gov.tw/en/home.jsp?id=95&parentpath=0,2&mcustomize=lawnew_view.jsp&dataserno=202110150001&dtable=NewsLaw","Concord
 Futures Co., Ltd.","Order-taking and advertising control violations","NT$120,000","An associated person mishandled phone orders and advertising, and the firm failed to supervise and implement internal controls.","Taiwan"
"2021-09-30","https://www.fsc.gov.tw/en/home.jsp?id=95&parentpath=0,2&mcustomize=lawnew_view.jsp&dataserno=202110070001&dtable=NewsLaw","XX
 Wong (Enterex International Limited)","Corporate governance/director vacancy violation","NT$240,000","The responsible person failed to convene a by-election within 60 days after director vacancies exceeded one-third.","Taiwan"
"2021-09-29","https://www.fsc.gov.tw/en/home.jsp?id=95&parentpath=0,2&mcustomize=lawnew_view.jsp&dataserno=202109300001&dtable=NewsLaw","Entery
 Industrial Co., Ltd.","Financial reporting noncompliance","NT$720,000","The company failed to complete financial statements from Q4 2013 to Q2 2021 as required by the Securities and Exchange Act.","Taiwan"
"2021-09-27","https://www.fsc.gov.tw/en/home.jsp?id=95&parentpath=0,2&mcustomize=lawnew_view.jsp&dataserno=202109300008&dtable=NewsLaw","Creative
 Sensor Co., Ltd.; XX Huang","Board meeting minutes noncompliance","NT$240,000","The company’s board minutes failed to accurately record directors’ remarks and extempore motions in violation of meeting rules.","Taiwan"
"2021-09-22","https://www.fsc.gov.tw/en/home.jsp?id=95&parentpath=0,2&mcustomize=lawnew_view.jsp&dataserno=202109240002&dtable=NewsLaw","GTIC
 Gold Refinery (S) Co.,Ltd","Financial reporting noncompliance","NT$720,000","The company failed to complete financial statements for Q2 2021 and Q2 & Q4 2020 as required.","Taiwan"
"2021-09-09","https://www.fsc.gov.tw/en/home.jsp?id=95&parentpath=0,2&mcustomize=lawnew_view.jsp&dataserno=202109130001&dtable=NewsLaw","E.Sun
 Securities Co., Ltd.","Internal control deficiencies","NT$240,000","The firm had deficiencies in foreign securities custody, price checks, enhanced due diligence, and personal data compliance.","Taiwan"
"2021-09-08","https://www.fsc.gov.tw/en/home.jsp?id=95&parentpath=0,2&mcustomize=lawnew_view.jsp&dataserno=202201030005&dtable=NewsLaw","SinoPac
 Futures Co., Ltd.","Order-taking/control violation","NT$120,000","A salesperson accepted foreign futures orders via mobile without phone order procedures or recordings, breaching controls.","Taiwan"
"2021-09-07","https://www.fsc.gov.tw/en/home.jsp?id=95&parentpath=0,2&mcustomize=lawnew_view.jsp&dataserno=202201030011&dtable=NewsLaw","CTBC
 Securities Co., Ltd.; Wang","Information security/internal control violation","NT$120,000","A manager used an unauthorized laptop and external network during trading hours and the firm lacked proper internal controls.","Taiwan"
"2021-09-06","https://www.fsc.gov.tw/en/home.jsp?id=95&parentpath=0,2&mcustomize=lawnew_view.jsp&dataserno=202201040001&dtable=NewsLaw","SinoPac
 Futures Co., Ltd.; Associated person","Unauthorized trading/internal control failure","NT$120,000","An associated person traded using a client’s account and the firm failed to supervise and enforce internal controls.","Taiwan"
"2021-09-03","https://www.fsc.gov.tw/en/home.jsp?id=95&parentpath=0,2&mcustomize=lawnew_view.jsp&dataserno=202109080001&dtable=NewsLaw","XX
 Wong (Enterex International Limited)","Material information disclosure delay","NT$480,000","The responsible person delayed announcing a key subsidiary’s bankruptcy filing, violating timely disclosure rules.","Taiwan"
"2021-09-01","https://www.fsc.gov.tw/en/home.jsp?id=95&parentpath=0,2&mcustomize=lawnew_view.jsp&dataserno=202109100001&dtable=NewsLaw","Schroder
 Securities Investment Trust Co., Ltd.; XX Pi","Confidential information disclosure","NT$0","An associated person disclosed holdings of discretionary accounts and fund positions by phone and was suspended for three months.","Taiwan"
"2021-09-01","https://www.fsc.gov.tw/en/home.jsp?id=95&parentpath=0,2&mcustomize=lawnew_view.jsp&dataserno=202109060001&dtable=NewsLaw","Enterex
 International Limited","Financial reporting noncompliance","NT$240,000","The company failed to complete Q1–Q2 2021 financial statements as required by Article 36.","Taiwan"
"2021-08-23","https://www.fsc.gov.tw/en/home.jsp?id=95&parentpath=0,2&mcustomize=lawnew_view.jsp&dataserno=202203160001&dtable=NewsLaw","SunVic
 Technology Group; XX Lin","Related-party transaction governance breach","NT$240,000","The responsible person failed to obtain board approvals for consulting contracts with related parties, violating board procedures.","Taiwan"
"2021-08-19","https://www.fsc.gov.tw/en/home.jsp?id=95&parentpath=0,2&mcustomize=lawnew_view.jsp&dataserno=202108240002&dtable=NewsLaw","Entery
 Industrial Co., Ltd.","Financial reporting noncompliance","NT$720,000","The company failed to complete financial statements for multiple periods from Q3 2019 through Q2 2021 as required.","Taiwan"
"2021-08-17","https://www.fsc.gov.tw/en/home.jsp?id=95&parentpath=0,2&mcustomize=lawnew_view.jsp&dataserno=202108240001&dtable=NewsLaw","GTIC
 Gold Refinery (S) Co.,Ltd","Financial reporting noncompliance","NT$720,000","The company failed to complete financial statements for Q2 2021 and Q2 & Q4 2020 as required.","Taiwan"
"2021-08-12","https://www.fsc.gov.tw/en/home.jsp?id=95&parentpath=0,2&mcustomize=lawnew_view.jsp&dataserno=202108160001&dtable=NewsLaw","PharmaCore
 Biotech Co., Ltd.","Late regulatory filing","NT$240,000","The company failed to file the June 2021 operations overview by the statutory deadline.","Taiwan"
"2021-08-09","https://www.fsc.gov.tw/en/home.jsp?id=95&parentpath=0,2&mcustomize=lawnew_view.jsp&dataserno=202108110001&dtable=NewsLaw","The
 Great Tainan Gas Corporation","Late regulatory filing","NT$240,000","The company failed to file the June 2021 operations overview by the statutory deadline.","Taiwan"
"2021-07-29","https://www.fsc.gov.tw/en/home.jsp?id=95&parentpath=0,2&mcustomize=lawnew_view.jsp&dataserno=202201030004&dtable=NewsLaw","SinoPac
 Futures Co., Ltd.","Risk notification/control deficiency","NT$120,000","The firm failed to keep records showing it notified an introducing broker when a client’s risk index fell below 25%.","Taiwan"
"2021-07-29","https://www.fsc.gov.tw/en/home.jsp?id=95&parentpath=0,2&mcustomize=lawnew_view.jsp&dataserno=202201030003&dtable=NewsLaw","SinoPac
 Securities Co., Ltd.","Futures IB control deficiencies","NT$120,000","The firm mishandled a reversal trade, lacked risk-index notification records, and failed self-checks, breaching internal controls.","Taiwan"
"2021-07-29","https://www.fsc.gov.tw/en/home.jsp?id=95&parentpath=0,2&mcustomize=lawnew_view.jsp&dataserno=202108020002&dtable=NewsLaw","GTIC
 Gold Refinery (S) Co.,Ltd","Financial reporting noncompliance","NT$720,000","The company failed to complete Q2 & Q4 2020 financial statements as required by the Securities and Exchange Act.","Taiwan"
"2021-07-27","https://www.fsc.gov.tw/en/home.jsp?id=95&parentpath=0,2&mcustomize=lawnew_view.jsp&dataserno=202109110003&dtable=NewsLaw","Shin
 Kong Life Insurance Co., Ltd.","Insurance compliance violations","NT$2,600,000","The company violated rules on related-party transactions and reimbursements and received fines and reprimands.","Taiwan"
"2021-07-26","https://www.fsc.gov.tw/en/home.jsp?id=95&parentpath=0,2&mcustomize=lawnew_view.jsp&dataserno=202201030002&dtable=NewsLaw","Yuanta
 Futures Co., Ltd.","Futures management/control deficiency","NT$120,000","The firm failed to notify high-risk accounts before offsetting positions, violating futures regulations and internal controls.","Taiwan"
"2021-07-12","https://www.fsc.gov.tw/en/home.jsp?id=95&parentpath=0,2&mcustomize=lawnew_view.jsp&dataserno=202107150001&dtable=NewsLaw","Nankang
 Rubber Tire Corporation Ltd.; XX Chang","Asset acquisition/disposal control violation","NT$240,000","The principal exceeded board-authorized investment limits and signed approvals after execution, breaching asset rules.","Taiwan"
"2021-06-30","https://www.fsc.gov.tw/en/home.jsp?id=95&parentpath=0,2&mcustomize=lawnew_view.jsp&dataserno=202107070001&dtable=NewsLaw","Entery
 Industrial Co., Ltd.","Financial reporting noncompliance","NT$720,000","The company failed to complete financial statements for 2013–2020 as required by Article 36.","Taiwan"
"2021-06-29","https://www.fsc.gov.tw/en/home.jsp?id=95&parentpath=0,2&mcustomize=lawnew_view.jsp&dataserno=202109110002&dtable=NewsLaw","Far
 Glory Life Insurance Co.","Insurance investment compliance violation","NT$2,000,000","The company failed to put real estate investments to immediate and profitable use within the required period.","Taiwan"
"2021-06-23","https://www.fsc.gov.tw/en/home.jsp?id=95&parentpath=0,2&mcustomize=lawnew_view.jsp&dataserno=202107070002&dtable=NewsLaw","GTIC
 Gold Refinery (S) Co.,Ltd","Financial reporting noncompliance","NT$720,000","The company failed to complete Q2 & Q4 2020 financial statements as required by securities regulations.","Taiwan"
"2021-06-18","https://www.fsc.gov.tw/en/home.jsp?id=95&parentpath=0,2&mcustomize=lawnew_view.jsp&dataserno=202106240001&dtable=NewsLaw","President
 Securities Corporation","Securities firm internal control deficiencies","NT$240,000","The firm had multiple deficiencies in statements, proprietary trading price checks, KYC, disclosures, and high-risk reviews.","Taiwan"
"2021-06-17","https://www.fsc.gov.tw/en/home.jsp?id=95&parentpath=0,2&mcustomize=lawnew_view.jsp&dataserno=202106250001&dtable=NewsLaw","Enterex
 International Limited; XX Wong","Director conflict-of-interest/recusal violation","NT$240,000","The former responsible person failed to explain interests and recuse on a loan-extension motion at a board meeting.","Taiwan"
"2021-06-11","https://www.fsc.gov.tw/en/home.jsp?id=95&parentpath=0,2&mcustomize=lawnew_view.jsp&dataserno=202112130002&dtable=NewsLaw","SunMax
 Biotechnology Co., Ltd.","Financial reporting filing defect","NT$240,000","The 2021 Q1 financial statement was filed without the required accounting manager’s signature/seal.","Taiwan"
"2021-06-11","https://www.fsc.gov.tw/en/home.jsp?id=95&parentpath=0,2&mcustomize=lawnew_view.jsp&dataserno=202112130001&dtable=NewsLaw","Enterex
 International Limited","Financial reporting noncompliance","NT$240,000","The company failed to complete the Q1 2021 financial statements as required by Article 36.","Taiwan"
"2021-05-31","https://www.fsc.gov.tw/en/home.jsp?id=95&parentpath=0,2&mcustomize=lawnew_view.jsp&dataserno=202106040001&dtable=NewsLaw","Enterex
 International Limited; Wong XX","Material information disclosure delay","NT$240,000","The responsible person delayed disclosure of major subsidiary seizures and bank freezes that materially affected operations.","Taiwan"
"2021-05-31","https://www.fsc.gov.tw/en/home.jsp?id=95&parentpath=0,2&mcustomize=lawnew_view.jsp&dataserno=202106030001&dtable=NewsLaw","Lee
 O O Certified Public Accountant","AML compliance failure","NT$50,000","The CPA failed to confirm beneficial ownership while auditing registered capital, violating AML requirements.","Taiwan"
"2021-05-28","https://www.fsc.gov.tw/en/home.jsp?id=95&parentpath=0,2&mcustomize=lawnew_view.jsp&dataserno=202106020001&dtable=NewsLaw","Collamatrix
 Co., Ltd.","Financial reporting filing defect","NT$240,000","The company filed Q4 2020 financials without the required accounting manager’s signature or seal.","Taiwan"
"2021-05-17","https://www.fsc.gov.tw/en/home.jsp?id=95&parentpath=0,2&mcustomize=lawnew_view.jsp&dataserno=202109110001&dtable=NewsLaw","Fubon
 Life Insurance Co., Ltd.","Insurance internal control violations","NT$3,000,000","The company breached internal accounting and reimbursement controls for business promotion expenses.","Taiwan"
"2021-05-12","https://www.fsc.gov.tw/en/home.jsp?id=95&parentpath=0,2&mcustomize=lawnew_view.jsp&dataserno=202105140001&dtable=NewsLaw","Mega
 Securities Corporation; Lee","Fraudulent solicitation and internal control failure","NT$240,000","A sales agent misappropriated client funds and sold shares without orders, and the firm failed to enforce controls.","Taiwan"
"2021-05-07","https://www.fsc.gov.tw/en/home.jsp?id=95&parentpath=0,2&mcustomize=lawnew_view.jsp&dataserno=202105110001&dtable=NewsLaw","Time
 Security Investment Consultant Co., Ltd.","AML reporting violation","NT$500,000","The company failed to report a cash transaction over NT$500,000 within five business days.","Taiwan"
"2021-05-06","https://www.fsc.gov.tw/en/home.jsp?id=95&parentpath=0,2&mcustomize=lawnew_view.jsp&dataserno=202107130001&dtable=NewsLaw","Chung
 Fu Tex-International Corporation; Huang XX","Board procedure and asset disposal violations","NT$480,000","The principal failed to announce a major equity sale timely and did not ensure interested directors’ recusal and disclosure.","Taiwan"
"2021-05-06","https://www.fsc.gov.tw/en/home.jsp?id=95&parentpath=0,2&mcustomize=lawnew_view.jsp&dataserno=202105110003&dtable=NewsLaw","Unity
 Opto Technology Co., Ltd.","Financial reporting noncompliance","NT$720,000","The company failed to file required financial statements for multiple 2019–2020 periods as mandated by Article 36.","Taiwan"
"2021-05-06","https://www.fsc.gov.tw/en/home.jsp?id=95&parentpath=0,2&mcustomize=lawnew_view.jsp&dataserno=202105110002&dtable=NewsLaw","GTIC
 Gold Refinery (S) Co., Ltd.","Financial reporting noncompliance","NT$720,000","The company failed to complete Q2 and Q4 2020 financial statements as required by the Securities and Exchange Act.","Taiwan"
"2021-05-05","https://www.fsc.gov.tw/en/home.jsp?id=95&parentpath=0,2&mcustomize=lawnew_view.jsp&dataserno=202201030001&dtable=NewsLaw","Tachan
 Securities Co., Ltd.","Futures IB operational control failures","NT$120,000","The firm used unqualified staff for risk explanations and had inaccurate internal audits, breaching IB rules.","Taiwan"
"2021-04-13","https://www.fsc.gov.tw/en/home.jsp?id=95&parentpath=0,2&mcustomize=lawnew_view.jsp&dataserno=202104200001&dtable=NewsLaw","GTIC
 Gold Refinery (S) Co., Ltd.","Financial reporting noncompliance","NT$720,000","The company failed to complete the Q2 2020 financial statements as required by Article 36.","Taiwan"
"2021-04-08","https://www.fsc.gov.tw/en/home.jsp?id=95&parentpath=0,2&mcustomize=lawnew_view.jsp&dataserno=202104090004&dtable=NewsLaw","Unity
 Opto Technology Co., Ltd.","Financial reporting noncompliance","NT$720,000","The company failed to file 2019 and Q1–Q2 2020 financial statements in accordance with Article 36.","Taiwan"
"2021-04-06","https://www.fsc.gov.tw/en/home.jsp?id=95&parentpath=0,2&mcustomize=lawnew_view.jsp&dataserno=202104090003&dtable=NewsLaw","TOPBI
 International Holdings Limited","Financial reporting noncompliance","NT$240,000","The company failed to complete 2020 financial statements as required by Article 36.","Taiwan"
"2021-04-06","https://www.fsc.gov.tw/en/home.jsp?id=95&parentpath=0,2&mcustomize=lawnew_view.jsp&dataserno=202104090002&dtable=NewsLaw","Pharmally
 International Holding Co., Ltd.","Multiple securities compliance failures","NT$1,920,000","The company failed to file operating reports and Q2–Q4 2020 financials and missed audit and training requirements.","Taiwan"
"2021-03-19","https://www.fsc.gov.tw/en/home.jsp?id=95&parentpath=0,2&mcustomize=lawnew_view.jsp&dataserno=202103230001&dtable=NewsLaw","Oceanic
 Beverages Co., Inc.; Wang ○○","Material information disclosure delay","NT$240,000","The responsible person delayed MOPS disclosure about a trademark dispute demand impacting future operations.","Taiwan"
"2021-03-10","https://www.fsc.gov.tw/en/home.jsp?id=95&parentpath=0,2&mcustomize=lawnew_view.jsp&dataserno=202201030008&dtable=NewsLaw","Yuanta
 Futures Co., Ltd.","Leverage trading platform control deficiencies","NT$120,000","The firm lacked testing records and timely updates before launching its leverage trading system, breaching controls.","Taiwan"
"2021-03-08","https://www.fsc.gov.tw/en/home.jsp?id=95&parentpath=0,2&mcustomize=lawnew_view.jsp&dataserno=202103120001&dtable=NewsLaw","GTIC
 Gold Refinery (S) Co., Ltd.","Financial reporting noncompliance","NT$720,000","The company failed to complete the Q2 2020 financial statements as required by Article 36.","Taiwan"
"2021-03-04","https://www.fsc.gov.tw/en/home.jsp?id=95&parentpath=0,2&mcustomize=lawnew_view.jsp&dataserno=202103220001&dtable=NewsLaw","Concord
 Securities; SinoPac Securities; Cathay Securities; Masterlink Securities; Fubon Securities; JihSun Securities; Hua Nan Securities; Capital Securities; KGI Securities; Yuanta Securities","Information security and internal control deficiencies (co-location services)","NT$0","Ten securities firms had information security and control failures in co-location services leading to warnings, corrections, and fines.","Taiwan"
"2021-03-02","https://www.fsc.gov.tw/en/home.jsp?id=95&parentpath=0,2&mcustomize=lawnew_view.jsp&dataserno=202103020001&dtable=NewsLaw","Technics
 Oil & Gas Limited","Financial reporting noncompliance","NT$240,000","The company failed to file financial statements for Q3 2016–Q4 2019 and Q4 2020 as required.","Taiwan"
"2021-02-24","https://www.fsc.gov.tw/en/home.jsp?id=95&parentpath=0,2&mcustomize=lawnew_view.jsp&dataserno=202102260001&dtable=NewsLaw","Pharmally
 International Holding Co., Ltd.","Multiple securities compliance failures","NT$1,440,000","The company failed to file operating reports for Aug 2020–Jan 2021, Q2–Q3 2020 financials, and a 2021 audit plan.","Taiwan"
"2021-02-05","https://www.fsc.gov.tw/en/home.jsp?id=95&parentpath=0,2&mcustomize=lawnew_view.jsp&dataserno=202107270001&dtable=NewsLaw","Hua
 Nan Securities Company Ltd.; XX Hsu","Internal control and KYC/AML violations","NT$240,000","The firm had control lapses in limit increases, subscription verification, and ML/TF risk reviews, and its salesperson was suspended.","Taiwan"
"2021-02-03","https://www.fsc.gov.tw/en/home.jsp?id=95&parentpath=0,2&mcustomize=lawnew_view.jsp&dataserno=202201030007&dtable=NewsLaw","Concord
 Futures Co., Ltd.; Yeh; Wang; Ruan","Futures internal control violations","NT$600,000","The firm failed in customer risk assessment, trading limit controls, insider account segregation, and other controls; three staff were suspended.","Taiwan"
"2021-02-03","https://www.fsc.gov.tw/en/home.jsp?id=95&parentpath=0,2&mcustomize=lawnew_view.jsp&dataserno=202201030006&dtable=NewsLaw","Masterlink
 Futures Corp., Ltd.; Zhao","Multiple futures compliance failures","NT$960,000","The firm had numerous deficiencies in account opening, limits, disclosures, announcements, and system risk controls; one staff was suspended.","Taiwan"
"2021-02-03","https://www.fsc.gov.tw/en/home.jsp?id=95&parentpath=0,2&mcustomize=lawnew_view.jsp&dataserno=202109280001&dtable=NewsLaw","JihSun
 Futures Co., Ltd.","Futures internal control violations","NT$240,000","The firm allowed foreign futures trading without proof of funds and transferred margins without client instructions, breaching controls.","Taiwan"
"2021-02-03","https://www.fsc.gov.tw/en/home.jsp?id=95&parentpath=0,2&mcustomize=lawnew_view.jsp&dataserno=202103150002&dtable=NewsLaw","Capital
 Futures Corp.","Futures internal control violations","NT$600,000","The firm failed in customer risk assessment, risk disclosure confirmations, insider-trade controls, and high-risk notifications.","Taiwan"
"2021-02-03","https://www.fsc.gov.tw/en/home.jsp?id=95&parentpath=0,2&mcustomize=lawnew_view.jsp&dataserno=202103150001&dtable=NewsLaw","Capital
 Securities Corp.","Futures IB operational control failure","NT$120,000","The firm did not notify high-risk accounts before liquidating positions as required by IB procedures.","Taiwan"
"2021-02-03","https://www.fsc.gov.tw/en/home.jsp?id=95&parentpath=0,2&mcustomize=lawnew_view.jsp&dataserno=202103110001&dtable=NewsLaw","Yuanta
 Futures Co., Ltd.","Futures internal control violations","NT$480,000","The firm relaxed trading limits without proof, sent statements to sales staff, and lacked required internal trading checks.","Taiwan"
"2021-02-03","https://www.fsc.gov.tw/en/home.jsp?id=95&parentpath=0,2&mcustomize=lawnew_view.jsp&dataserno=202102250001&dtable=NewsLaw","KGI
 Futures Co., Ltd.","Futures internal control violations","NT$480,000","The firm failed to assess customer risk capacity, relaxed limits without proof, and lacked insider trade control procedures.","Taiwan"
"2021-02-03","https://www.fsc.gov.tw/en/home.jsp?id=95&parentpath=0,2&mcustomize=lawnew_view.jsp&dataserno=202102200001&dtable=NewsLaw","SinoPac
 Futures Co., Ltd.","Futures internal control violations","NT$480,000","The firm failed senior-customer credit checks, sent statements to insiders, skipped full limit assessments, and neglected insider conflict checks.","Taiwan"
"2021-01-25","https://www.fsc.gov.tw/en/home.jsp?id=95&parentpath=0,2&mcustomize=lawnew_view.jsp&dataserno=202102010001&dtable=NewsLaw","Concord
 Futures Corp.; Wang; Chen","AML/CFT and internal control violations","NT$740,000","The firm mishandled CDD/KYC, password controls, and IB system segregation, and two staff were each suspended for three months.","Taiwan"
"2021-01-22","https://www.fsc.gov.tw/en/home.jsp?id=95&parentpath=0,2&mcustomize=lawnew_view.jsp&dataserno=202101290001&dtable=NewsLaw","President
 Securities Co., Ltd.","System reliability/internal control failure","NT$240,000","The firm’s firewall restart lapse caused order disconnections and it failed to promptly advise alternative order methods.","Taiwan"
"2021-01-21","https://www.fsc.gov.tw/en/home.jsp?id=95&parentpath=0,2&mcustomize=lawnew_view.jsp&dataserno=202102030001&dtable=NewsLaw","Yuanta
 Securities Investment Trust Co., Ltd.","Futures trust internal control deficiency","NT$360,000","Yuanta’s internal controls over additional fund offering allocations were ineffective and required remediation and a special audit.","Taiwan"
"2021-01-20","https://www.fsc.gov.tw/en/home.jsp?id=95&parentpath=0,2&mcustomize=lawnew_view.jsp&dataserno=202102230001&dtable=NewsLaw","Land
 Bank of Taiwan","Securities business internal control violations","NT$240,000","The bank failed to segregate staff-related accounts, control conflicts, consolidate credit lines, and verify public subscription identities.","Taiwan"
"2021-01-18","https://www.fsc.gov.tw/en/home.jsp?id=95&parentpath=0,2&mcustomize=lawnew_view.jsp&dataserno=202102020001&dtable=NewsLaw","Yuanta
 Securities Investment Trust Co., Ltd.; XX Wu","Insider information leakage & supervision failure","NT$600,000","A former fund manager leaked job-related info and the firm failed to supervise, leading to a fine and a one-year suspension for the manager.","Taiwan"
"2021-01-18","https://www.fsc.gov.tw/en/home.jsp?id=95&parentpath=0,2&mcustomize=lawnew_view.jsp&dataserno=202101260001&dtable=NewsLaw","Hantec
 Securities Consultant Limited; Chen","Personal trading/reporting violations","NT$0","An associated person traded frequently without reporting and traded stocks recommended to clients, resulting in a three-month suspension.","Taiwan"
"2021-01-18","https://www.fsc.gov.tw/en/home.jsp?id=95&parentpath=0,2&mcustomize=lawnew_view.jsp&dataserno=202101190001&dtable=NewsLaw","Oceanic
 Beverages Co., Inc.; Wang ○○","Board conflict-of-interest and minutes violations","NT$240,000","Directors approved a loan despite conflicts and minutes lacked required disclosures on names, interests, and recusals.","Taiwan"
"2021-01-15","https://www.fsc.gov.tw/en/home.jsp?id=95&parentpath=0,2&mcustomize=lawnew_view.jsp&dataserno=202108100001&dtable=NewsLaw","Pin
 Feng China Securities Investment Consulting Co., Ltd.","AML/CFT program deficiencies","NT$500,000","The firm failed to perform CDD, PEP screening, risk profiling, ongoing monitoring, STR processes, and record-keeping under AML rules.","Taiwan"
