Date,Link,Company,Fraud_Type,Impact_USD,Description,Country
2025-10-06,https://ssc.gov.vn/webcenter/portal/ubck/pages_r/l/chitittinttgs?dDocName=APPSSCGOVVN1620159770,Công ty cổ phần Sữa Quốc tế Lof,"Không báo cáo thông tin; Không/Chậm công bố thông tin; Không thuyết minh thù lao, lương quản lý theo mục riêng",185.000.000 đồng,"UBCKNN phạt do không báo cáo, chậm/không CBTT và không thuyết minh thù lao, lương quản lý trong BCTC.",Việt Nam
2025-10-03,https://ssc.gov.vn/webcenter/portal/ubck/pages_r/l/chitittinttgs?dDocName=APPSSCGOVVN1620159700,Công ty cổ phần Đầu tư Thành Thành Công,"Không/Chậm công bố thông tin về trái phiếu; Đăng ký, lưu ký trái phiếu riêng lẻ không đúng hạn",185.000.000 đồng,"Công ty không/không đúng hạn CBTT hàng loạt báo cáo trái phiếu và thực hiện đăng ký, lưu ký trái phiếu riêng lẻ trễ hạn.",Việt Nam
2025-10-01,https://ssc.gov.vn/webcenter/portal/ubck/pages_r/l/chitittinttgs?dDocName=APPSSCGOVVN1620159622,Tổng công ty IDICO - CTCP,Không/Chậm công bố thông tin; Công bố thông tin không đầy đủ,152.500.000 đồng,"IDICO không/không đúng hạn CBTT về trái phiếu và thiếu nội dung trong báo cáo quản trị, thay đổi người đại diện pháp luật.",Việt Nam
2025-09-30,https://ssc.gov.vn/webcenter/portal/ubck/pages_r/l/chitittinttgs?dDocName=APPSSCGOVVN1620159611,Ông Hồ Thành Trung; Công ty cổ phần Quản lý và Đầu tư Trường Giang; 26 cá nhân,Thao túng thị trường chứng khoán; Cho mượn tài khoản giao dịch,4.500.000.000 đồng,"UBCKNN xử phạt thao túng cổ phiếu AGG và cho mượn tài khoản, đồng thời áp dụng cấm giao dịch/chức vụ 2 năm đối với các bên liên quan.",Việt Nam
2025-09-29,https://ssc.gov.vn/webcenter/portal/ubck/pages_r/l/chitittinttgs?dDocName=APPSSCGOVVN1620159575,Công ty cổ phần Dệt may Hoàng Thị Loan,Công bố thông tin không đúng thời hạn; Không mời kiểm toán dự ĐHĐCĐ khi có ý kiến từ chối,190.000.000 đồng,Công ty chậm CBTT nhiều báo cáo và không mời đại diện kiểm toán dự ĐHĐCĐ khi báo cáo kiểm toán có ý kiến từ chối.,Việt Nam
2025-09-26,https://ssc.gov.vn/webcenter/portal/ubck/pages_r/l/chitittinttgs?dDocName=APPSSCGOVVN1620159461,Công ty cổ phần Chứng khoán VPBank,Cho vay ký quỹ sai danh mục; Cung cấp sản phẩm/dịch vụ chưa báo cáo UBCKNN,340.000.000 đồng,Công ty cho margin các mã không đủ điều kiện và cung cấp sản phẩm vay/giao dịch khi chưa báo cáo hoặc chưa được chấp thuận.,Việt Nam
2025-09-23,https://ssc.gov.vn/webcenter/portal/ubck/pages_r/l/chitittinttgs?dDocName=APPSSCGOVVN1620159412,Công ty cổ phần Đầu tư và Xây dựng Công trình 3,Không công bố thông tin theo quy định,85.000.000 đồng,"Công ty không CBTT các nghị quyết, tài liệu họp, BCTC kiểm toán và báo cáo quản trị theo yêu cầu.",Việt Nam
2025-09-19,https://ssc.gov.vn/webcenter/portal/ubck/pages_r/l/chitittinttgs?dDocName=APPSSCGOVVN1620159228,Công ty cổ phần Đầu tư Xây dựng và Phát triển Đô thị Thăng Long,Công bố thông tin sai lệch,150.000.000 đồng,"Công ty công bố sai lệch số liệu LNST năm 2024 giữa báo cáo quý và báo cáo năm đã kiểm toán, buộc cải chính thông tin.",Việt Nam
2025-09-18,https://ssc.gov.vn/webcenter/portal/ubck/pages_r/l/chitittinttgs?dDocName=APPSSCGOVVN1620159170,Công ty cổ phần Xây dựng Thủy lợi 42,Không công bố thông tin theo quy định,92.500.000 đồng,"Công ty không CBTT hàng loạt BCTC, nghị quyết/biên bản ĐHĐCĐ, báo cáo thường niên và quản trị trong nhiều năm.",Việt Nam
2025-09-17,https://ssc.gov.vn/webcenter/portal/ubck/pages_r/l/chitittinttgs?dDocName=APPSSCGOVVN1620159092,Công ty cổ phần Chế biến Gỗ Đức Thành,Công bố thông tin không đúng thời hạn; Giao dịch với cổ đông/người liên quan trái quy định,202.500.000 đồng,"Công ty chậm CBTT một số tài liệu và phát sinh các khoản cho vay với cổ đông, người nội bộ và bên liên quan trái quy định.",Việt Nam
2025-09-16,https://ssc.gov.vn/webcenter/portal/ubck/pages_r/l/chitittinttgs?dDocName=APPSSCGOVVN1620159052,Công ty cổ phần Đầu tư Phát triển Nhà và Đô thị Vinahud,Không/Chậm công bố thông tin bắt buộc,85.000.000 đồng,"UBCKNN phạt do không công bố và công bố chậm các báo cáo tài chính, nghị quyết HĐQT và giải trình biến động lợi nhuận.",Việt Nam
2025-09-16,https://ssc.gov.vn/webcenter/portal/ubck/pages_r/l/chitittinttgs?dDocName=APPSSCGOVVN1620159051,Ông Nguyễn Nghĩa Dũng,Không báo cáo về giao dịch dự kiến của người liên quan,100.000.000 đồng,Cá nhân bán 780.000 cổ phiếu SMC nhưng không báo cáo về việc dự kiến giao dịch theo quy định.,Việt Nam
2025-09-15,https://ssc.gov.vn/webcenter/portal/ubck/pages_r/l/chitittinttgs?dDocName=APPSSCGOVVN1620159021,Công ty TNHH Chứng khoán ACB,Công bố thông tin sai lệch về chứng quyền,150.000.000 đồng,Công ty CBTT sai lệch nội dung tài khoản nhận tiền mua của ba mã chứng quyền và bị buộc cải chính thông tin.,Việt Nam
2025-09-12,https://ssc.gov.vn/webcenter/portal/ubck/pages_r/l/chitittinttgs?dDocName=APPSSCGOVVN1620158807,Công ty cổ phần Phát triển Bất động sản Văn Phú,Không công bố/CBTT không đầy đủ; Giao dịch với cổ đông/người liên quan; Đăng ký lưu ký trái phiếu chậm,380.000.000 đồng,"Công ty vi phạm nghĩa vụ CBTT, thiếu nội dung báo cáo quản trị, cho vay với cổ đông/người liên quan và đăng ký lưu ký trái phiếu quá hạn.",Việt Nam
2025-09-12,https://ssc.gov.vn/webcenter/portal/ubck/pages_r/l/chitittinttgs?dDocName=APPSSCGOVVN1620158777,Công ty TNHH Ngọc Thiên,Không/Chậm công bố thông tin về trái phiếu và báo cáo tài chính,92.500.000 đồng,"Công ty không CBTT hàng loạt BCTC, báo cáo cam kết, sử dụng vốn, thanh toán gốc lãi trái phiếu và CBTT bán niên 2023 chậm.",Việt Nam
2025-09-11,https://ssc.gov.vn/webcenter/portal/ubck/pages_r/l/chitittinttgs?dDocName=APPSSCGOVVN1620158744,Công ty cổ phần chứng khoán DSC,Sử dụng người chưa có chứng chỉ; Vi phạm hạn mức/kỷ luật margin; Cho vay vượt sức mua; Thiếu kiểm toán nội bộ; Nhân sự KSNB không đủ điều kiện; Không/Chậm CBTT; Không báo cáo; CBTT sai lệch,712.500.000 đồng,"Công ty vi phạm nhiều quy định về nhân sự hành nghề, giao dịch ký quỹ, kiểm soát/kiểm toán nội bộ và nghĩa vụ CBTT/báo cáo, bị buộc cải chính thông tin sai lệch.",Việt Nam
2025-09-11,https://ssc.gov.vn/webcenter/portal/ubck/pages_r/l/chitittinttgs?dDocName=APPSSCGOVVN1620158743,Công ty TNHH Nam Land,Không/Chậm công bố thông tin về trái phiếu và báo cáo,92.500.000 đồng,Công ty không CBTT các báo cáo sử dụng tiền trái phiếu và công bố chậm báo cáo cam kết cùng BCTC bán niên 2024.,Việt Nam
2025-09-11,https://ssc.gov.vn/webcenter/portal/ubck/pages_r/l/chitittinttgs?dDocName=APPSSCGOVVN1620158742,Công ty cổ phần Đầu tư và Xây dựng HUD1,Công bố thông tin sai lệch; Công bố thông tin không đúng thời hạn,210.000.000 đồng,Công ty CBTT sai lệch chỉ tiêu LNST năm 2024 và công bố chậm nghị quyết HĐQT về giao dịch với bên liên quan.,Việt Nam
2025-09-05,https://ssc.gov.vn/webcenter/portal/ubck/pages_r/l/chitittinttgs?dDocName=APPSSCGOVVN1620158434,Công ty cổ phần Chứng khoán KIS Việt Nam,Cho khách hàng giao dịch ký quỹ vượt sức mua,137.500.000 đồng,Công ty cho một số khách hàng giao dịch ký quỹ vượt quá sức mua hiện có trên tài khoản margin.,Việt Nam
2025-09-05,https://ssc.gov.vn/webcenter/portal/ubck/pages_r/l/chitittinttgs?dDocName=APPSSCGOVVN1620158433,Công ty cổ phần Thương mại và Xây dựng Đông Dương,Công bố thông tin không đúng thời hạn; Công bố thông tin sai lệch,215.000.000 đồng,"Công ty chậm CBTT nhiều tài liệu và CBTT sai lệch lợi nhuận sau thuế năm 2024 so với BCTC kiểm toán, bị buộc cải chính.",Việt Nam
2025-09-05,https://ssc.gov.vn/webcenter/portal/ubck/pages_r/l/chitittinttgs?dDocName=APPSSCGOVVN1620158432,Công ty cổ phần chứng khoán BIS,Không bảo đảm cơ cấu KSNB; Không/Chậm CBTT sự kiện trọng yếu; Báo cáo sai lệch tỷ lệ an toàn tài chính; Không quản lý tách biệt tài sản khách hàng,480.000.000 đồng,"Công ty vi phạm nhân sự kiểm soát nội bộ, không CBTT kịp thời giao dịch chứng chỉ tiền gửi lớn, báo cáo an toàn tài chính sai và không tách bạch tài sản khách hàng.",Việt Nam
2025-09-05,https://ssc.gov.vn/webcenter/portal/ubck/pages_r/l/chitittinttgs?dDocName=APPSSCGOVVN1620158431,Công ty cổ phần Đầu tư và Phát triển Công nghiệp Bảo Thư,Không công bố thông tin theo quy định,92.500.000 đồng,"Công ty không CBTT nhiều BCTC, báo cáo thường niên và báo cáo quản trị trên hệ thống của UBCKNN và HNX.",Việt Nam
2025-09-05,https://ssc.gov.vn/webcenter/portal/ubck/pages_r/l/chitittinttgs?dDocName=APPSSCGOVVN1620158430,Công ty cổ phần Chứng khoán ASAM,Không quản lý tách biệt tài sản khách hàng; Không báo cáo về PCTR và đánh giá rủi ro; Vi phạm quản trị giao dịch với cổ đông lớn,320.000.000 đồng,"Công ty chuyển tiền giữa tài khoản nhà đầu tư và tài khoản công ty, không nộp các báo cáo PCTR theo yêu cầu và giao dịch với cổ đông >10% khi chưa được chấp thuận.",Việt Nam
2025-09-04,https://ssc.gov.vn/webcenter/portal/ubck/pages_r/l/chitittinttgs?dDocName=APPSSCGOVVN1620158404,Công ty cổ phần Sản xuất và thương mại Tùng Khánh,Không công bố thông tin theo quy định,92.500.000 đồng,"Công ty không CBTT hàng loạt BCTC, báo cáo thường niên và báo cáo quản trị trong các kỳ 2023–2025.",Việt Nam
2025-08-29,https://ssc.gov.vn/webcenter/portal/ubck/pages_r/l/chitittinttgs?dDocName=APPSSCGOVVN1620158313,Công ty cổ phần chứng khoán Quốc Gia,Vi phạm nhận lệnh/thực hiện lệnh; Cho vay ký quỹ vượt sức mua; Không tách biệt tài sản khách hàng; Vi phạm hạn chế cho vay; Không CBTT; Hồ sơ tư vấn trái phiếu thiếu nội dung,897.500.000 đồng,"Công ty sai phạm quy trình lệnh, cho vay/giao dịch ký quỹ và khoản vay trái quy định, không CBTT, không tách bạch tài sản và tư vấn hồ sơ phát hành trái phiếu thiếu nội dung.",Việt Nam
2025-08-29,https://ssc.gov.vn/webcenter/portal/ubck/pages_r/l/chitittinttgs?dDocName=APPSSCGOVVN1620158306,Ông Lê Hữu Toàn,Không báo cáo về việc dự kiến giao dịch,87.500.000 đồng,Cá nhân mua 609.237 cổ phiếu TIN nhưng không báo cáo về giao dịch dự kiến theo quy định.,Việt Nam
2025-08-29,https://ssc.gov.vn/webcenter/portal/ubck/pages_r/l/chitittinttgs?dDocName=APPSSCGOVVN1620158305,Công ty cổ phần Tập đoàn vật liệu chịu lửa Thái Nguyên,Không công bố thông tin; Không tuân thủ phương tiện/hình thức CBTT (không có website),100.000.000 đồng,"Công ty không CBTT nhiều báo cáo, tài liệu và không có trang thông tin điện tử theo quy định.",Việt Nam
2025-08-29,https://ssc.gov.vn/webcenter/portal/ubck/pages_r/l/chitittinttgs?dDocName=APPSSCGOVVN1620158304,Công ty cổ phần Nồi hơi Việt Nam,Không/Chậm công bố thông tin; Không tuân thủ hình thức/ngôn ngữ CBTT trên website,100.000.000 đồng,Công ty không CBTT hoặc CBTT chậm nhiều tài liệu và website không đáp ứng yêu cầu công bố thông tin.,Việt Nam
2025-08-29,https://ssc.gov.vn/webcenter/portal/ubck/pages_r/l/chitittinttgs?dDocName=APPSSCGOVVN1620158287,Công ty cổ phần Công trình giao thông Tỉnh Bà Rịa - Vũng Tàu,Không công bố thông tin theo quy định,92.500.000 đồng,"Công ty không CBTT các BCTC kiểm toán, báo cáo quản trị, báo cáo thường niên và tài liệu ĐHĐCĐ giai đoạn 2021–2024.",Việt Nam
2025-08-28,https://ssc.gov.vn/webcenter/portal/ubck/pages_r/l/chitittinttgs?dDocName=APPSSCGOVVN1620158264,Công ty cổ phần Tập đoàn Lộc Trời,Không/Chậm công bố thông tin; Công bố thông tin sai lệch LNST 2023,210.000.000 đồng,"Công ty chậm/không CBTT nhiều BCTC và báo cáo, đồng thời CBTT sai lệch chỉ tiêu LNST năm 2023 và bị buộc cải chính.",Việt Nam
2025-08-27,https://ssc.gov.vn/webcenter/portal/ubck/pages_r/l/chitittinttgs?dDocName=APPSSCGOVVN1620158242,Công ty cổ phần Seoul Metal Việt Nam,Công bố thông tin không đúng thời hạn; Công bố thông tin không đầy đủ; Công bố thông tin sai lệch,270.000.000 đồng,Công ty chậm/thiếu nội dung CBTT và báo cáo sai lệch giao dịch với bên liên quan trong báo cáo quản trị.,Việt Nam
2025-08-26,https://ssc.gov.vn/webcenter/portal/ubck/pages_r/l/chitittinttgs?dDocName=APPSSCGOVVN1620158223,Công ty cổ phần Bánh kẹo Hải Châu,Công bố thông tin không đúng thời hạn; Giao dịch với cổ đông/người liên quan chưa được chấp thuận,185.000.000 đồng,Công ty chậm CBTT nhiều BCTC/tài liệu và thực hiện giao dịch với bên liên quan nhưng chưa được HĐQT thông qua.,Việt Nam
2025-08-26,https://ssc.gov.vn/webcenter/portal/ubck/pages_r/l/chitittinttgs?dDocName=APPSSCGOVVN1620158222,Ông Nguyễn Văn Hội,Kiêm nhiệm chức danh Chủ tịch HĐQT và Tổng Giám đốc trái quy định,77.500.000 đồng,Cá nhân bị phạt do đồng thời giữ chức Chủ tịch HĐQT và Tổng Giám đốc tại CTCP Bánh kẹo Hải Châu.,Việt Nam
2025-08-25,https://ssc.gov.vn/webcenter/portal/ubck/pages_r/l/chitittinttgs?dDocName=APPSSCGOVVN1620158186,Công ty cổ phần May Thăng Long,Không công bố thông tin theo quy định,92.500.000 đồng,"Công ty không CBTT hàng loạt BCTC, báo cáo thường niên, tài liệu ĐHĐCĐ và báo cáo quản trị các năm 2023–2025.",Việt Nam
2025-08-22,https://ssc.gov.vn/webcenter/portal/ubck/pages_r/l/chitittinttgs?dDocName=APPSSCGOVVN1620158063,Công ty cổ phần Đầu tư địa ốc Khang An,"Không/Chậm công bố thông tin; Không xây dựng, trình thông qua quy chế quản trị",100.000.000 đồng,Công ty không/không đúng hạn CBTT nhiều báo cáo và chưa trình ĐHĐCĐ thông qua các quy chế quản trị bắt buộc.,Việt Nam
2025-08-19,https://ssc.gov.vn/webcenter/portal/ubck/pages_r/l/chitittinttgs?dDocName=APPSSCGOVVN1620158027,Công ty cổ phần Tập đoàn CIC,Không/Chậm công bố thông tin; Công bố thông tin không đầy đủ; Giao dịch với người liên quan chưa được chấp thuận,277.500.000 đồng,"Công ty vi phạm nghĩa vụ CBTT, thiếu nội dung báo cáo quản trị và phát sinh giao dịch với tổ chức liên quan của người nội bộ khi chưa được thông qua.",Việt Nam
2025-08-18,https://ssc.gov.vn/webcenter/portal/ubck/pages_r/l/chitittinttgs?dDocName=APPSSCGOVVN1620157978,Công ty TNHH Bất động sản Đà Lạt Valley,Không/Chậm công bố thông tin về trái phiếu,85.000.000 đồng,"Công ty không gửi hoặc gửi chậm nhiều báo cáo định kỳ liên quan đến trái phiếu và tình hình thanh toán gốc, lãi.",Việt Nam
2025-08-15,https://ssc.gov.vn/webcenter/portal/ubck/pages_r/l/chitittinttgs?dDocName=APPSSCGOVVN1620157772,Công ty cổ phần Simco Sông Đà,Không/Chậm công bố thông tin; Công bố thông tin sai lệch LNST,235.000.000 đồng,"Công ty chậm/không CBTT một số báo cáo và công bố sai lệch chỉ tiêu LNST năm 2023 và 6T/2024, bị buộc cải chính.",Việt Nam
2025-08-15,https://ssc.gov.vn/webcenter/portal/ubck/pages_r/l/chitittinttgs?dDocName=APPSSCGOVVN1620157771,Công ty cổ phần Dịch vụ Kỹ thuật Viễn thông,"Không công bố thông tin; Không xây dựng, trình thông qua quy chế quản trị",100.000.000 đồng,Công ty không CBTT các báo cáo năm 2024–2025 và chưa trình ĐHĐCĐ thông qua các quy chế nội bộ theo quy định.,Việt Nam
2025-08-14,https://ssc.gov.vn/webcenter/portal/ubck/pages_r/l/chitittinttgs?dDocName=APPSSCGOVVN1620157737,Công ty cổ phần Đầu tư QP Xanh,Công bố thông tin không đúng thời hạn; Công bố thông tin sai lệch LNST,185.000.000 đồng,"Công ty chậm CBTT một số tài liệu và công bố sai lệch LNST năm 2024 trên BCTC tự lập, bị buộc cải chính.",Việt Nam
2025-08-11,https://ssc.gov.vn/webcenter/portal/ubck/pages_r/l/chitittinttgs?dDocName=APPSSCGOVVN1620157619,Công ty TNHH Đầu tư Phát triển Khu Công nghiệp EIP,Không công bố thông tin theo quy định về trái phiếu,92.500.000 đồng,Công ty không gửi nhiều báo cáo định kỳ liên quan đến tình hình sử dụng tiền và cam kết trái phiếu cho HNX.,Việt Nam
2025-08-11,https://ssc.gov.vn/webcenter/portal/ubck/pages_r/l/chitittinttgs?dDocName=APPSSCGOVVN1620157618,Công ty cổ phần Đầu tư Du lịch Eurowindow Nha Trang,Không/Chậm công bố thông tin về trái phiếu,85.000.000 đồng,"Công ty không gửi hoặc gửi chậm các báo cáo tài chính và báo cáo sử dụng vốn, thanh toán lãi gốc trái phiếu cho HNX.",Việt Nam
2025-08-11,https://ssc.gov.vn/webcenter/portal/ubck/pages_r/l/chitittinttgs?dDocName=APPSSCGOVVN1620157617,Công ty cổ phần Thương mại và Dịch vụ Danh Việt,Không/Chậm công bố thông tin về trái phiếu,92.500.000 đồng,"Công ty không CBTT hoặc CBTT chậm hàng loạt báo cáo cam kết, sử dụng vốn, tài chính và thanh toán lãi gốc trái phiếu.",Việt Nam
2025-08-11,https://ssc.gov.vn/webcenter/portal/ubck/pages_r/l/chitittinttgs?dDocName=APPSSCGOVVN1620157616,Công ty cổ phần Tân Hoàn Cầu Bến Tre,Không/Chậm công bố thông tin về trái phiếu,92.500.000 đồng,"Công ty không CBTT nhiều báo cáo trái phiếu và CBTT chậm các sự kiện mua lại, sửa đổi điều kiện và báo cáo tài chính liên quan.",Việt Nam
2025-08-11,https://ssc.gov.vn/webcenter/portal/ubck/pages_r/l/chitittinttgs?dDocName=APPSSCGOVVN1620157613,Công ty cổ phần CVS Holdings,Không công bố thông tin theo quy định về trái phiếu,85.000.000 đồng,"Công ty không thực hiện nghĩa vụ CBTT định kỳ về BCTC, cam kết, sử dụng vốn và thanh toán gốc lãi trái phiếu trên HNX.",Việt Nam
2025-08-06,https://ssc.gov.vn/webcenter/portal/ubck/pages_r/l/chitittinttgs?dDocName=APPSSCGOVVN1620157422,Công ty cổ phần Hoàng Anh Gia Lai,Không công bố thông tin theo quy định về trái phiếu,92.500.000 đồng,Công ty không CBTT các báo cáo sử dụng tiền từ phát hành trái phiếu còn dư nợ năm 2023–2024 và bán niên 2024.,Việt Nam
2025-08-05,https://ssc.gov.vn/webcenter/portal/ubck/pages_r/l/chitittinttgs?dDocName=APPSSCGOVVN1620157398,Công ty cổ phần Xây dựng công trình giao thông 810,Không công bố thông tin theo quy định,92.500.000 đồng,"Công ty không CBTT nhiều BCTC kiểm toán, báo cáo quản trị, báo cáo thường niên và tài liệu ĐHĐCĐ các năm 2022–2025.",Việt Nam
2025-08-01,https://ssc.gov.vn/webcenter/portal/ubck/pages_r/l/chitittinttgs?dDocName=APPSSCGOVVN1620157301,Công ty cổ phần Tổng Bách hóa,Không/Chậm công bố thông tin,92.500.000 đồng,"Công ty không/không đúng hạn CBTT hàng loạt BCTC, báo cáo quản trị, báo cáo thường niên và thay đổi nhân sự, đăng ký kinh doanh.",Việt Nam
2025-07-28,https://ssc.gov.vn/webcenter/portal/ubck/pages_r/l/chitittinttgs?dDocName=APPSSCGOVVN1620157197,Công ty cổ phần Hưng Thịnh Incons,Không/Chậm CBTT; CBTT không đầy đủ; CBTT sai lệch; Giao dịch với người liên quan chưa được chấp thuận,470.000.000 đồng,"Công ty vi phạm nghĩa vụ CBTT, thiếu/sai nội dung báo cáo quản trị và phát sinh giao dịch với tổ chức liên quan của người nội bộ khi chưa được HĐQT thông qua.",Việt Nam
2025-07-25,https://ssc.gov.vn/webcenter/portal/ubck/pages_r/l/chitittinttgs?dDocName=APPSSCGOVVN1620157125,Công ty cổ phần Chứng khoán Mirae Asset (Việt Nam),Vi phạm quy định nhận và thực hiện lệnh của khách hàng,137.500.000 đồng,Công ty xác nhận lệnh giao dịch qua môi giới không tại thời điểm nhận lệnh mà vào cuối ngày giao dịch.,Việt Nam
2025-07-21,https://ssc.gov.vn/webcenter/portal/ubck/pages_r/l/chitittinttgs?dDocName=APPSSCGOVVN1620156997,CTCP Lilama 10,Không bảo đảm cơ cấu thành viên HĐQT độc lập,112.500.000 đồng,Doanh nghiệp không có thành viên HĐQT độc lập theo quy định.,Việt Nam
2025-07-18,https://ssc.gov.vn/webcenter/portal/ubck/pages_r/l/chitittinttgs?dDocName=APPSSCGOVVN1620156941,CTCP Vinam,Không công bố thông tin theo quy định,92.500.000 đồng,Không CBTT BCTC mẹ & hợp nhất kiểm toán 2024 và thông báo doanh nghiệp kiểm toán năm 2024.,Việt Nam
2025-07-18,https://ssc.gov.vn/webcenter/portal/ubck/pages_r/l/chitittinttgs?dDocName=APPSSCGOVVN1620156936,CTCP Vận tải biển Sài Gòn,Không/Chậm công bố thông tin,92.500.000 đồng,"Thiếu/không đúng hạn các báo cáo quản trị, BCTC bán niên & năm 2023–2024 và giải trình ý kiến kiểm toán.",Việt Nam
2025-07-17,https://ssc.gov.vn/webcenter/portal/ubck/pages_r/l/chitittinttgs?dDocName=APPSSCGOVVN1620156888,CTCP Hùng Vương,Không công bố thông tin theo quy định (nhiều kỳ),85.000.000 đồng,"Không CBTT hàng loạt BCTC quý/bán niên/năm 2022–2025, báo cáo quản trị, BCTN và tài liệu ĐHĐCĐ.",Việt Nam
2025-07-16,https://ssc.gov.vn/webcenter/portal/ubck/pages_r/l/chitittinttgs?dDocName=APPSSCGOVVN1620156837,CTCP Tập đoàn Đầu tư Địa ốc No va (Novaland),Không/Chậm công bố thông tin về BCTC và trái phiếu,85.000.000 đồng,"Chậm/không CBTT BCTC bán niên 2024 và nhiều sự kiện trái phiếu (gia hạn lãi, sử dụng vốn, mua lại, thanh toán).",Việt Nam
2025-07-15,https://ssc.gov.vn/webcenter/portal/ubck/pages_r/l/chitittinttgs?dDocName=APPSSCGOVVN1620156820,CTCP Chứng khoán SmartInvest,Không báo cáo dự kiến giao dịch (bên liên quan),80.000.000 đồng,Tổ chức liên quan đến thành viên HĐQT DST mua 263.000 cổ phiếu DST nhưng không báo cáo kế hoạch giao dịch.,Việt Nam
2025-07-11,https://ssc.gov.vn/webcenter/portal/ubck/pages_r/l/chitittinttgs?dDocName=APPSSCGOVVN1620156668,CTCP DRH Holdings,Nhiều vi phạm CBTT & sử dụng vốn; giao dịch với bên liên quan; thay đổi phương án vốn không báo cáo,790.000.000 đồng,Không/thiếu/ sai nội dung CBTT; dùng tiền chào bán công chúng & trái phiếu sai mục đích; cho vay với bên liên quan không được HĐQT/ĐHĐCĐ thông qua. Bị buộc thông qua ĐHĐCĐ và có cơ chế hoàn trả/lãi cho NĐT nếu yêu cầu.,Việt Nam
2025-07-08,https://ssc.gov.vn/webcenter/portal/ubck/pages_r/l/chitittinttgs?dDocName=APPSSCGOVVN1620156601,CTCP Đầu tư Thương mại XNK Việt Pháp,Chậm CBTT bản án; CBTT sai lệch giao dịch bên liên quan,235.000.000 đồng,Chậm CBTT bản án thuế; báo cáo quản trị ghi “không có” trong khi BCTC thể hiện giao dịch lớn với tổ chức liên quan người nội bộ.,Việt Nam
2025-07-04,https://ssc.gov.vn/webcenter/portal/ubck/pages_r/l/chitittinttgs?dDocName=APPSSCGOVVN1620156462,CTCP Chứng khoán CV,Không báo cáo theo quy định về PCLR & nhân sự hành nghề,92.500.000 đồng,Không gửi báo cáo đánh giá rủi ro rửa tiền 2023–2024; báo cáo chậm danh sách người hành nghề & thông tin TK chuyên dụng.,Việt Nam
2025-07-01,https://ssc.gov.vn/webcenter/portal/ubck/pages_r/l/chitittinttgs?dDocName=APPSSCGOVVN1620156401,CTCP Tập đoàn Everland,Nhiều vi phạm: không/thiếu/ sai CBTT; giao dịch với người liên quan; không báo cáo sử dụng vốn; không công bố báo cáo sử dụng vốn kiểm toán,667.500.000 đồng,"Không báo cáo/CBTT tiến độ sử dụng vốn đợt chào bán 2021; nhiều thiếu sót & sai lệch BCTC/Báo cáo QTCT; giao dịch với tổ chức liên quan người nội bộ không được chấp thuận; bị buộc cải chính, công bố và trình ĐHĐCĐ việc thay đổi mục đích sử dụng vốn.",Việt Nam
2025-07-01,https://ssc.gov.vn/webcenter/portal/ubck/pages_r/l/chitittinttgs?dDocName=APPSSCGOVVN1620156397,Tổng CTCP Xây dựng điện Việt Nam,Chậm/thiếu & sai lệch CBTT; chưa bổ nhiệm người phụ trách QLQT,320.000.000 đồng,Chậm CBTT bản tiếng Anh BCTC/BCTN; báo cáo QTCT thiếu; sai lệch giao dịch với người nội bộ & LNST sau kiểm toán; chưa bổ nhiệm người phụ trách quản trị.,Việt Nam
2025-06-30,https://ssc.gov.vn/webcenter/portal/ubck/pages_r/l/chitittinttgs?dDocName=APPSSCGOVVN1620156384,CTCP Chứng khoán Việt,"Nhiều vi phạm về an toàn tài chính, cho vay, thay đổi phương án vốn & CBTT",1.165.000.000 đồng,"Vượt tỷ lệ nợ/vốn CSH; cho vay sai quy định (nhân viên, ứng trước tiền); dùng tiền phát hành sai phương án chưa qua ĐHĐCĐ; không/ chậm CBTT; báo cáo an toàn tài chính sai; thiếu kiểm toán nội bộ; cung cấp dịch vụ ứng trước khi chưa được chấp thuận. Bị buộc khắc phục & trình ĐHĐCĐ.",Việt Nam
2025-06-24,https://ssc.gov.vn/webcenter/portal/ubck/pages_r/l/chitittinttgs?dDocName=APPSSCGOVVN1620156191,CTCK Đầu tư Tài chính Việt Nam (VICS),Nhận lệnh/ dịch vụ không phép; báo cáo & CBTT thiếu,745.000.000 đồng,Không lưu bằng chứng lệnh; phối hợp cung cấp dịch vụ vay chứng khoán & tư vấn phát hành khi chưa được phép; báo cáo hoạt động thiếu; không CBTT nhiều quyết định/NGHQT; bị đình chỉ nghiệp vụ môi giới 02 tháng.,Việt Nam
2025-06-24,https://ssc.gov.vn/webcenter/portal/ubck/pages_r/l/chitittinttgs?dDocName=APPSSCGOVVN1620156188,CTCP Cao su Sông Bé,CBTT sai lệch LNST; thiếu quy định họp trực tuyến trong Quy chế,137.500.000 đồng,BCTC quý 2/2024 ghi LNST dương nhưng soát xét bán niên 2024 âm; thiếu quy định cho cổ đông tham dự/biểu quyết điện tử trong Quy chế quản trị.,Việt Nam
2025-06-20,https://ssc.gov.vn/webcenter/portal/ubck/pages_r/l/chitittinttgs?dDocName=APPSSCGOVVN1620156052,CTCP Năng lượng & BĐS Trường Thành (TEG),"CBTT không đầy đủ & sai lệch (BCTC, QTCT, NQ HĐQT)",240.000.000 đồng,"BCTN/QTCT thiếu nội dung, thiếu/không ghi giao dịch với bên liên quan; thuyết minh dự án & số liệu LNST sau kiểm toán sai; sai thông tin ngày ký hợp đồng uỷ thác; buộc cải chính.",Việt Nam
2025-06-20,https://ssc.gov.vn/webcenter/portal/ubck/pages_r/l/chitittinttgs?dDocName=APPSSCGOVVN1620156051,CTCP ĐT CN XNK Đông Dương (DDG),Không/Chậm CBTT; CBTT thiếu & sai lệch (LNST),370.000.000 đồng,"Không/ chậm CBTT nhiều nghị quyết, bản án, quyết định THADS, BCTC, BCTN, báo cáo trái phiếu; báo cáo QTCT thiếu giao dịch liên quan; sai lệch giải trình và số liệu LNST 2024; buộc cải chính.",Việt Nam
2025-06-19,https://ssc.gov.vn/webcenter/portal/ubck/pages_r/l/chitittinttgs?dDocName=APPSSCGOVVN1620156032,CTCP Digi Invest,Vi phạm phân phối CCQ & không báo cáo theo quy định,125.000.000 đồng,Cung cấp cho NĐT bản cáo bạch không phải bản cập nhật mới nhất; không nộp báo cáo năm 2024 về giao dịch chứng khoán trực tuyến đúng hạn.,Việt Nam
2025-06-16,https://ssc.gov.vn/webcenter/portal/ubck/pages_r/l/chitittinttgs?dDocName=APPSSCGOVVN1620155987,CTCP Đầu tư & Dịch vụ Areca Việt Nam,Không báo cáo dự kiến giao dịch (bên liên quan),80.000.000 đồng,Tổ chức liên quan đến Trưởng BKS VCM mua 141.100 cp VCM (19/9/2023) nhưng không báo cáo kế hoạch giao dịch.,Việt Nam
2025-06-13,https://ssc.gov.vn/webcenter/portal/ubck/pages_r/l/chitittinttgs?dDocName=APPSSCGOVVN1620155885,CTCP Bao bì & In nông nghiệp,Bán cổ phiếu quỹ không báo cáo UBCK,77.500.000 đồng,Thực hiện bán cổ phiếu quỹ nhưng không báo cáo theo quy định.,Việt Nam
2025-06-09,https://ssc.gov.vn/webcenter/portal/ubck/pages_r/l/chitittinttgs?dDocName=APPSSCGOVVN1620155792,CTCP Chứng khoán Vina,Vi phạm nhận lệnh & thực hiện lệnh của khách hàng,125.000.000 đồng,Không thực hiện chính xác giá đặt bán trái phiếu theo lệnh khách hàng (18/6/2024).,Việt Nam
2025-06-06,https://ssc.gov.vn/webcenter/portal/ubck/pages_r/l/chitittinttgs?dDocName=APPSSCGOVVN1620155791,Công ty cổ phần Chứng khoán Thiên Việt,Vi phạm nhận lệnh và thực hiện lệnh giao dịch,"125,000,000 VND",Công ty không thực hiện chính xác giá đặt mua trái phiếu theo lệnh của khách hàng ngày 18/06/2024.,Việt Nam
2025-06-06,https://ssc.gov.vn/webcenter/portal/ubck/pages_r/l/chitittinttgs?dDocName=APPSSCGOVVN1620155440,Công ty cổ phần Đầu tư và quản lý khách sạn TNH,Không công bố/CBTT không đúng hạn,"92,500,000 VND","Công ty không công bố hoặc công bố chậm nhiều báo cáo tài chính và tài liệu trái phiếu theo quy định, bị áp tình tiết tăng nặng.",Việt Nam
2025-06-03,https://ssc.gov.vn/webcenter/portal/ubck/pages_r/l/chitittinttgs?dDocName=APPSSCGOVVN1620155406,Công ty cổ phần Encapital Holdings,Không công bố thông tin phải công bố,"85,000,000 VND",Công ty không gửi cho HNX Báo cáo tình hình sử dụng số tiền từ phát hành trái phiếu bán niên 2023 theo quy định.,Việt Nam
2025-05-27,https://ssc.gov.vn/webcenter/portal/ubck/pages_r/l/chitittinttgs?dDocName=APPSSCGOVVN1620155271,Công ty cổ phần Chứng khoán Dầu Khí,Nhiều vi phạm nghiệp vụ và công bố thông tin,"860,000,000 VND","Công ty vi phạm nhận lệnh, dùng nhân sự chưa có chứng chỉ, thiếu hồ sơ phát hành trái phiếu, cung cấp dịch vụ khi chưa báo cáo, công bố thông tin và lưu giữ hồ sơ không đúng quy định.",Việt Nam
2025-05-29,https://ssc.gov.vn/webcenter/portal/ubck/pages_r/l/chitittinttgs?dDocName=APPSSCGOVVN1620155255,Công ty cổ phần Group Bắc Việt,Công bố thông tin sai/thiếu/chậm và giao dịch với bên liên quan chưa thông qua,"365,000,000 VND","Công ty công bố thông tin chậm hoặc thiếu, không mời đại diện kiểm toán dự ĐHĐCĐ và thực hiện giao dịch với bên liên quan khi chưa được thông qua theo quy định.",Việt Nam
2025-05-26,https://ssc.gov.vn/webcenter/portal/ubck/pages_r/l/chitittinttgs?dDocName=APPSSCGOVVN1620155241,Công ty cổ phần GKM Holdings,Không công bố/CBTT không đầy đủ,"157,500,000 VND","Công ty không công bố hoặc công bố thiếu nhiều tài liệu trên HNX và chuyên trang trái phiếu, bao gồm báo cáo quản trị, báo cáo tài chính và báo cáo trái phiếu năm 2024.",Việt Nam
2025-05-22,https://ssc.gov.vn/webcenter/portal/ubck/pages_r/l/chitittinttgs?dDocName=APPSSCGOVVN1620155119,Công ty cổ phần Dầu khí Đầu tư Khai thác Cảng Phước An,Công bố thông tin sai lệch và giao dịch với bên liên quan chưa thông qua,"327,500,000 VND","Công ty công bố sai số liệu sử dụng vốn và phát sinh các giao dịch với bên liên quan nhưng chưa được ĐHĐCĐ/HĐQT thông qua, đồng thời thiếu quy định họp trực tuyến trong quy chế nội bộ.",Việt Nam
2025-05-22,https://ssc.gov.vn/webcenter/portal/ubck/pages_r/l/chitittinttgs?dDocName=APPSSCGOVVN1620155098,Công ty cổ phần Chứng khoán Thủ Đô,Không lưu giữ hồ sơ và báo cáo chậm,"152,500,000 VND",Công ty không lưu trữ đầy đủ hồ sơ đăng ký chuyển nhượng trái phiếu và nộp báo cáo tình hình quản trị công ty năm 2024 không đúng thời hạn.,Việt Nam
2025-05-09,https://ssc.gov.vn/webcenter/portal/ubck/pages_r/l/chitittinttgs?dDocName=APPSSCGOVVN1620154811,Công ty cổ phần Tập đoàn Đua Fat,"Không công bố/CBTT thiếu, sai lệch và giao dịch với bên liên quan","470,000,000 VND","Công ty không công bố hoặc công bố chậm, thiếu nội dung và sai lệch nhiều báo cáo, đồng thời phát sinh giao dịch với bên liên quan không đúng quy định.",Việt Nam
2025-05-12,https://ssc.gov.vn/webcenter/portal/ubck/pages_r/l/chitittinttgs?dDocName=APPSSCGOVVN1620154789,Công ty cổ phần Tập đoàn Bamboo Capital,Không công bố thông tin và CBTT chậm,"92,500,000 VND","Công ty không công bố báo cáo tài chính kiểm toán 2024 và gửi chậm nhiều tài liệu trái phiếu, báo cáo tài chính cho HOSE/HNX và UBCKNN.",Việt Nam
2025-05-09,https://ssc.gov.vn/webcenter/portal/ubck/pages_r/l/chitittinttgs?dDocName=APPSSCGOVVN1620154771,Công ty cổ phần Sức khỏe hồi sinh Việt Nam,"Không công bố thông tin, công bố sai lệch và giao dịch với người quản lý chưa được thông qua","367,500,000 VND","Công ty không công bố hoặc công bố chậm nhiều báo cáo, ghi sai giao dịch bên liên quan và tạm ứng cho Tổng Giám đốc với giá trị rất lớn khi chưa được ĐHĐCĐ thông qua.",Việt Nam
2025-04-26,https://ssc.gov.vn/webcenter/portal/ubck/pages_r/l/chitittinttgs?dDocName=APPSSCGOVVN1620154442,Công ty cổ phần Chứng khoán Alpha,"Thiếu lưu giữ hồ sơ, hồ sơ trái phiếu không đầy đủ, báo cáo sai lệch, vi phạm hạn chế cho vay và vi phạm PCTD/CBTT","1,027,500,000 VND","Công ty thiếu hồ sơ, tư vấn hồ sơ trái phiếu không đầy đủ, báo cáo sai các chỉ tiêu an toàn và GDTT, cho vay/tạm ứng không đúng hạn chế, nhân sự và thủ tục báo cáo PCTD không đạt yêu cầu.",Việt Nam
2025-04-28,https://ssc.gov.vn/webcenter/portal/ubck/pages_r/l/chitittinttgs?dDocName=APPSSCGOVVN1620154437,Công ty cổ phần Xuất nhập khẩu Vật tư Nông nghiệp III,Không công bố và công bố chậm thông tin trái phiếu,"85,000,000 VND","Công ty không gửi hoặc gửi chậm hàng loạt báo cáo sử dụng vốn, tài chính và tình hình trái phiếu theo quy định cho HNX.",Việt Nam
2025-04-29,https://ssc.gov.vn/webcenter/portal/ubck/pages_r/l/chitittinttgs?dDocName=APPSSCGOVVN1620154441,"Korea Investment Management Co., Ltd",Không báo cáo dự kiến giao dịch chứng chỉ quỹ,"1,143,440,000 VND",Tổ chức liên quan đến Chủ tịch HĐTV quỹ ETF bán lượng lớn chứng chỉ quỹ nhưng không báo cáo kế hoạch giao dịch theo quy định và bị đình chỉ giao dịch 4 tháng.,Việt Nam
2025-04-29,https://ssc.gov.vn/webcenter/portal/ubck/pages_r/l/chitittinttgs?dDocName=APPSSCGOVVN1620154440,Công ty cổ phần Phát triển Bất động sản Phát Đạt,"Không công bố/CBTT thiếu, sai lệch và sử dụng vốn trái phiếu sai phương án","495,000,000 VND","Công ty không công bố hoặc công bố thiếu, sai số liệu lợi nhuận và dùng tiền trái phiếu để hoàn trả, chuyển mục đích không đúng phương án đã công bố.",Việt Nam
2025-04-29,https://ssc.gov.vn/webcenter/portal/ubck/pages_r/l/chitittinttgs?dDocName=APPSSCGOVVN1620154439,Công ty cổ phần Chứng khoán KB Việt Nam,Vi phạm nhận lệnh giao dịch và không công bố thông tin,"202,500,000 VND",Công ty để phiếu lệnh thiếu thời gian đặt/nhận lệnh và không công bố các bản án liên quan đến hoạt động cho vay ký quỹ.,Việt Nam
2025-04-29,https://ssc.gov.vn/webcenter/portal/ubck/pages_r/l/chitittinttgs?dDocName=APPSSCGOVVN1620154438,Công ty cổ phần Tập đoàn Đầu tư I.P.A,"Công bố thông tin chậm/không đầy đủ, không đáp ứng tiêu chuẩn thành viên HĐQT/UBKT và giao dịch với cổ đông","400,000,000 VND","Công ty CBTT chậm, thiếu nội dung, bố trí thành viên HĐQT/UBKT không đủ điều kiện và cho cổ đông Trustlink vay tiền trái quy định.",Việt Nam
2025-04-28,https://ssc.gov.vn/webcenter/portal/ubck/pages_r/l/chitittinttgs?dDocName=APPSSCGOVVN1620154436,Công ty cổ phần Đại Việt Group,Công bố thông tin chậm và không đầy đủ,"120,000,000 VND","Công ty công bố chậm nhiều báo cáo tài chính, báo cáo thường niên và thiếu thông tin về thành viên HĐQT theo mẫu quản trị.",Việt Nam
2025-04-28,https://ssc.gov.vn/webcenter/portal/ubck/pages_r/l/chitittinttgs?dDocName=APPSSCGOVVN1620154435,Tổng công ty cổ phần Sông Hồng,Không công bố thông tin và công bố không đầy đủ nội dung,"145,000,000 VND","Tổng công ty không công bố hoặc công bố chậm nhiều báo cáo tài chính, báo cáo thường niên và thiếu thông tin quản trị theo mẫu quy định.",Việt Nam
2025-04-26,https://ssc.gov.vn/webcenter/portal/ubck/pages_r/l/chitittinttgs?dDocName=APPSSCGOVVN1620154434,Công ty cổ phần Hưng Thịnh Investment,Không công bố thông tin và CBTT chậm về trái phiếu,"85,000,000 VND","Công ty không CBTT báo cáo sử dụng tiền trái phiếu bán niên 2023 và gửi chậm các báo cáo cam kết, sử dụng vốn và chậm thanh toán gốc, lãi trái phiếu.",Việt Nam
2025-04-25,https://ssc.gov.vn/webcenter/portal/ubck/pages_r/l/chitittinttgs?dDocName=APPSSCGOVVN1620154171,Công ty cổ phần Xây dựng và Năng lượng VCP,Không công bố/CBTT không đầy đủ và giao dịch với cổ đông chưa được thông qua,"270,000,000 VND",Công ty không công bố hoặc công bố chậm nhiều báo cáo trái phiếu và cho cổ đông lớn vay tiền khi chưa được phê duyệt theo quy định.,Việt Nam
2025-04-25,https://ssc.gov.vn/webcenter/portal/ubck/pages_r/l/chitittinttgs?dDocName=APPSSCGOVVN1620154170,Công ty cổ phần Cơ điện lạnh,Không công bố thông tin trái phiếu và giao dịch với bên liên quan chưa được thông qua,"210,000,000 VND",Công ty không công bố các báo cáo trái phiếu và thực hiện giao dịch với đơn vị liên quan nhưng chưa được ĐHĐCĐ/HĐQT phê duyệt.,Việt Nam
2025-04-22,https://ssc.gov.vn/webcenter/portal/ubck/pages_r/l/chitittinttgs?dDocName=APPSSCGOVVN1620154050,Công ty cổ phần BB Power Holdings,Không công bố/CBTT không đúng hạn,"92,500,000 VND","Công ty không công bố định kỳ nhiều báo cáo tài chính và trái phiếu, đồng thời công bố thay đổi điều khoản trái phiếu chậm so với quy định.",Việt Nam
2025-04-10,https://ssc.gov.vn/webcenter/portal/ubck/pages_r/l/chitittinttgs?dDocName=APPSSCGOVVN1620154033,Công ty cổ phần Tổng hợp Thế giới Xanh,Không công bố thông tin trái phiếu,"85,000,000 VND","Công ty không thực hiện nghĩa vụ công bố hàng loạt báo cáo tài chính, sử dụng vốn và thanh toán trái phiếu theo quy định.",Việt Nam
2025-04-18,https://ssc.gov.vn/webcenter/portal/ubck/pages_r/l/chitittinttgs?dDocName=APPSSCGOVVN1620153974,Công ty cổ phần Phát triển đô thị Dầu khí,Không công bố/CBTT không đúng hạn,"92,500,000 VND","Công ty không công bố hoặc công bố chậm nhiều báo cáo tài chính, quản trị và tài liệu ĐHĐCĐ qua các năm.",Việt Nam
2025-04-11,https://ssc.gov.vn/webcenter/portal/ubck/pages_r/l/chitittinttgs?dDocName=APPSSCGOVVN1620153793,Công ty cổ phần Cao ốc Phương Đông,Không công bố thông tin trái phiếu,"92,500,000 VND","Công ty không gửi các báo cáo sử dụng vốn và cam kết trái phiếu, BCTC và tình hình thanh toán trái phiếu theo yêu cầu của HNX.",Việt Nam
2025-04-14,https://ssc.gov.vn/webcenter/portal/ubck/pages_r/l/chitittinttgs?dDocName=APPSSCGOVVN1620153792,Ngân hàng Thương mại cổ phần Tiên Phong,Đăng ký lưu ký trái phiếu chậm,"92,500,000 VND",Ngân hàng đăng ký lưu ký các mã trái phiếu riêng lẻ tại VSDC không đúng thời hạn theo quy định.,Việt Nam
2025-04-10,https://ssc.gov.vn/webcenter/portal/ubck/pages_r/l/chitittinttgs?dDocName=APPSSCGOVVN1620153652,Công ty cổ phần Sợi Thế Kỷ,Bán cổ phiếu quỹ sai phương án đã công bố,"77,500,000 VND",Công ty bán cổ phiếu quỹ vượt/thiếu tỷ lệ so với khối lượng đã đăng ký với UBCKNN.,Việt Nam
2025-04-08,https://ssc.gov.vn/webcenter/portal/ubck/pages_r/l/chitittinttgs?dDocName=APPSSCGOVVN1620153633,Công ty cổ phần Hưng Thịnh Land,Không công bố/CBTT không đúng hạn,"85,000,000 VND","Công ty không công bố hoặc công bố chậm nhiều tài liệu về trái phiếu, nghị quyết người sở hữu trái phiếu và sự kiện mua lại trước hạn.",Việt Nam
2025-04-09,https://ssc.gov.vn/webcenter/portal/ubck/pages_r/l/chitittinttgs?dDocName=APPSSCGOVVN1620153623,Công ty cổ phần Tập đoàn Đại Châu,Không công bố/CBTT không đúng hạn,"92,500,000 VND","Công ty không công bố hoặc công bố chậm nhiều báo cáo tài chính, quản trị và báo cáo thường niên giai đoạn 2019-2024.",Việt Nam
2025-04-04,https://ssc.gov.vn/webcenter/portal/ubck/pages_r/l/chitittinttgs?dDocName=APPSSCGOVVN1620153605,Công ty cổ phần Thiết bị Thủy Lợi,Không công bố/CBTT không đúng hạn,"92,500,000 VND","Công ty không công bố báo cáo quản trị, báo cáo thường niên và công bố chậm báo cáo tài chính kiểm toán theo quy định.",Việt Nam
2025-04-08,https://ssc.gov.vn/webcenter/portal/ubck/pages_r/l/chitittinttgs?dDocName=APPSSCGOVVN1620153603,Công ty cổ phần Dịch vụ Giải trí Hưng Thịnh Quy Nhơn,Không công bố/CBTT không đúng hạn về trái phiếu,"85,000,000 VND","Công ty không CBTT báo cáo sử dụng vốn trái phiếu bán niên 2023 và gửi chậm nhiều tài liệu, nghị quyết liên quan đến trái phiếu.",Việt Nam
2025-04-03,https://ssc.gov.vn/webcenter/portal/ubck/pages_r/l/chitittinttgs?dDocName=APPSSCGOVVN1620153418,Công ty cổ phần Tập đoàn FLC,Không công bố/CBTT không đúng hạn,"92,500,000 VND","Công ty không công bố nhiều báo cáo tài chính và công bố chậm các quyết định, nghị quyết và thông tin mua lại trái phiếu trước hạn.",Việt Nam
2025-03-28,https://ssc.gov.vn/webcenter/portal/ubck/pages_r/l/chitittinttgs?dDocName=APPSSCGOVVN1620153370,Công ty cổ phần Công nghệ và Đầu tư Bách Việt,Không công bố thông tin; thông báo muộn việc không còn là công ty đại chúng,"100,000,000 VND",Công ty không công bố hàng loạt báo cáo tài chính/quản trị và chậm thông báo khi không còn đáp ứng điều kiện công ty đại chúng.,Việt Nam
2025-03-24,https://ssc.gov.vn/webcenter/portal/ubck/pages_r/l/chitittinttgs?dDocName=APPSSCGOVVN1620153213,Công ty cổ phần Tập đoàn DEKKO,Không công bố thông tin trái phiếu,"92,500,000 VND","Công ty không gửi cho HNX các báo cáo tài chính và báo cáo sử dụng, thanh toán vốn trái phiếu năm 2020-2021 theo quy định.",Việt Nam
2025-03-21,https://ssc.gov.vn/webcenter/portal/ubck/pages_r/l/chitittinttgs?dDocName=APPSSCGOVVN1620153182,Công ty cổ phần Chứng khoán Everest,Không lưu giữ hồ sơ; không báo cáo nghĩa vụ đại lý phát hành,"177,500,000 VND",Công ty thiếu hồ sơ xác định NĐT chuyên nghiệp trong chuyển nhượng trái phiếu và không nộp báo cáo quý của đại lý phát hành cho HNX.,Việt Nam
2025-03-21,https://ssc.gov.vn/webcenter/portal/ubck/pages_r/l/chitittinttgs?dDocName=APPSSCGOVVN1620153072,Nguyễn Thị Phương Thảo và Phan Thành Tâm,Thao túng thị trường chứng khoán; cho mượn tài khoản,"3,000,000,000 VND","Hai cá nhân dùng 164 tài khoản để tạo cung cầu giả cổ phiếu PDR và nhiều người cho mượn tài khoản dẫn đến thao túng, kèm lệnh cấm giao dịch.",Việt Nam
2025-03-18,https://ssc.gov.vn/webcenter/portal/ubck/pages_r/l/chitittinttgs?dDocName=APPSSCGOVVN1620153023,Công ty cổ phần Phát triển Công trình Viễn Thông,Quảng cáo/chào mời phát hành riêng lẻ,"125,000,000 VND",Công ty đăng tải nội dung mời chào mua cổ phiếu phát hành riêng lẻ trên website và thông báo tăng vốn trái quy định.,Việt Nam
2025-03-17,https://ssc.gov.vn/webcenter/portal/ubck/pages_r/l/chitittinttgs?dDocName=APPSSCGOVVN1620152995,Công ty cổ phần Xuất nhập khẩu An Giang,Không báo cáo dự kiến giao dịch,"80,000,000 VND",Tổ chức liên quan thực hiện mua bán cổ phiếu GKM nhưng không báo cáo kế hoạch giao dịch theo quy định.,Việt Nam
2025-03-14,https://ssc.gov.vn/webcenter/portal/ubck/pages_r/l/chitittinttgs?dDocName=APPSSCGOVVN1620152930,Công ty cổ phần Quản lý quỹ đầu tư Dragon Capital Việt Nam,Không báo cáo dự kiến giao dịch,"137,500,000 VND",Công ty QLQ không báo cáo kế hoạch các giao dịch cổ phiếu HDB do Quỹ DC thực hiện trong giai đoạn 2021–2022.,Việt Nam
2025-03-03,https://ssc.gov.vn/webcenter/portal/ubck/pages_r/l/chitittinttgs?dDocName=APPSSCGOVVN1620152582,Công ty cổ phần Lê Bảo Minh,Không công bố/CBTT không đúng hạn,"92,500,000 VND","Không CBTT BCTC quý 3/2024; thiếu/không đúng hạn BCTC soát xét bán niên 2023, BCTC Q1/2023; thiếu báo cáo QTCT 2022–2024 và BCTN 2022–2023.",Việt Nam
2025-02-25,https://ssc.gov.vn/webcenter/portal/ubck/pages_r/l/chitittinttgs?dDocName=APPSSCGOVVN1620152429,Công ty cổ phần Đầu tư Phát triển Gia Định,Không công bố thông tin,"92,500,000 VND","Không CBTT hàng loạt BCTC quý/năm 2022–2024, BCTC bán niên 2023–2024 (soát xét), BCTN 2022–2023.",Việt Nam
2025-02-27,https://ssc.gov.vn/webcenter/portal/ubck/pages_r/l/chitittinttgs?dDocName=APPSSCGOVVN1620152428,Công ty cổ phần Quốc tế Ngàn Phố,Không công bố thông tin trái phiếu,"92,500,000 VND","Không CBTT BCTC bán niên 2023–2024; các báo cáo cam kết, thanh toán gốc/lãi trái phiếu bán niên 2023–2024; báo cáo sử dụng vốn trái phiếu kiểm toán bán niên 2024.",Việt Nam
2025-02-20,https://ssc.gov.vn/webcenter/portal/ubck/pages_r/l/chitittinttgs?dDocName=APPSSCGOVVN1620152346,Công ty cổ phần In sách giáo khoa Hòa Phát,Không CBTT; CBTT thiếu & sai lệch; Giao dịch với cổ đông/người quản lý chưa thông qua,"432,500,000 VND","Thiếu hàng loạt báo cáo (BCTC, BCTN); giao dịch với người nội bộ chưa có nghị quyết HĐQT; CBTT thiếu nội dung và sai lệch về giao dịch bên liên quan; buộc hủy/cải chính thông tin sai lệch.",Việt Nam
2025-02-19,https://ssc.gov.vn/webcenter/portal/ubck/pages_r/l/chitittinttgs?dDocName=APPSSCGOVVN1620152345,Công ty cổ phần Hoà Bình Takara,Không CBTT; CBTT không đúng hạn; CBTT thiếu nội dung,"152,500,000 VND","Không/Chậm CBTT nhiều BCTC, giải trình chênh lệch LN, báo cáo QTCT, hồ sơ nhân sự; Báo cáo QTCT 2023 thiếu thông tin bổ nhiệm/nhân sự theo mẫu.",Việt Nam
2025-01-24,https://ssc.gov.vn/webcenter/portal/ubck/pages_r/l/chitittinttgs?dDocName=APPSSCGOVVN1620151696,Công ty TNHH MTV Quản lý quỹ Đầu tư chứng khoán I.P.A,Vi phạm cơ cấu kiểm toán nội bộ; đầu tư tài chính sai nguồn,"260,000,000 VND",Bộ phận kiểm toán nội bộ không đáp ứng quy định; sử dụng nguồn tiền khác (không phải vốn CSH) để đầu tư tài chính.,Việt Nam
2025-01-24,https://ssc.gov.vn/webcenter/portal/ubck/pages_r/l/chitittinttgs?dDocName=APPSSCGOVVN1620151694,Công ty cổ phần Tập đoàn PC1,CBTT chậm; Không đảm bảo HĐQT độc lập,"190,000,000 VND",CBTT chậm BCTC bán niên 2024 (soát xét) và báo cáo trái phiếu tại HNX; không có thành viên HĐQT độc lập theo quy định.,Việt Nam
2025-01-24,https://ssc.gov.vn/webcenter/portal/ubck/pages_r/l/chitittinttgs?dDocName=APPSSCGOVVN1620151693,Công ty cổ phần May Sài Gòn 2,Không công bố thông tin,"92,500,000 VND",Không CBTT/Báo cáo đến UBCKNN: giải trình ý kiến kiểm toán BCTC 2022–2023; báo cáo QTCT 2023/6T.2023/6T.2024; BCTN 2022–2023.,Việt Nam
2025-01-24,https://ssc.gov.vn/webcenter/portal/ubck/pages_r/l/chitittinttgs?dDocName=APPSSCGOVVN1620151692,Công ty cổ phần Tổng Công ty Phát triển Năng lượng Nghệ An,Không công bố thông tin,"92,500,000 VND","Không CBTT nhiều BCTC quý 2022–2024, BCTC soát xét/bkiểm toán 2022–2023, BCTN 2022–2023, báo cáo QTCT 2022–2024, Nghị quyết/BB ĐHĐCĐ 2023–2024.",Việt Nam
2025-01-24,https://ssc.gov.vn/webcenter/portal/ubck/pages_r/l/chitittinttgs?dDocName=APPSSCGOVVN1620151687,Công ty cổ phần Halcom Việt Nam,Không/Chậm CBTT; Không báo cáo; CBTT thiếu & sai lệch; Thay đổi phương án sử dụng vốn riêng lẻ không thông qua,"510,000,000 VND",Thiếu/chậm CBTT tài liệu kiểm toán & báo cáo sử dụng vốn; không báo cáo thay đổi phương án dùng vốn; báo cáo QTCT thiếu nội dung; sai lệch chỉ tiêu LNST; thu hồi vốn vượt phương án chưa được ĐHĐCĐ/HĐQT thông qua; buộc hủy/cải chính thông tin và buộc thông qua ĐHĐCĐ/HĐQT.,Việt Nam
2025-01-24,https://ssc.gov.vn/webcenter/portal/ubck/pages_r/l/chitittinttgs?dDocName=APPSSCGOVVN1620151686,Công ty cổ phần Chứng khoán HD,"Vi phạm quy định về giao dịch ký quỹ, đầu tư, báo cáo và công bố thông tin","942,500,000 VND","Công ty cổ phần Chứng khoán HD bị UBCKNN phạt do mở tài khoản và cho vay ký quỹ sai quy định, vượt giới hạn đầu tư, báo cáo sai lệch và thiếu, không công bố hoặc công bố chậm các thông tin bắt buộc.",Việt Nam
2025-01-24,https://ssc.gov.vn/webcenter/portal/ubck/pages_r/l/chitittinttgs?dDocName=APPSSCGOVVN1620151691,Công ty cổ phần Chứng khoán APG,"Vi phạm quy định đầu tư, cho vay, tách biệt tài sản, công bố thông tin và sử dụng vốn sai mục đích","1,492,500,000 VND","Công ty cổ phần Chứng khoán APG bị xử phạt vì vi phạm quy định đầu tư, cho vay, quản lý tài sản, báo cáo sai lệch và sử dụng vốn từ chào bán riêng lẻ không đúng phương án đã công bố.",Việt Nam
2025-01-24,https://ssc.gov.vn/webcenter/portal/ubck/pages_r/l/chitittinttgs?dDocName=APPSSCGOVVN1620151690,Công ty cổ phần Chứng khoán Sài Gòn – Hà Nội,"Vi phạm giao dịch, cho vay, công bố thông tin và giao dịch với bên liên quan","1,392,500,000 VND","Công ty cổ phần Chứng khoán Sài Gòn – Hà Nội bị phạt do cho vay và giao dịch ký quỹ vượt hạn mức, không công bố thông tin trái phiếu, thực hiện dịch vụ chưa được chấp thuận và vi phạm giao dịch với bên liên quan.",Việt Nam
2025-01-23,https://ssc.gov.vn/webcenter/portal/ubck/pages_r/l/chitittinttgs?dDocName=APPSSCGOVVN1620151645,Công ty cổ phần Vật liệu xây dựng Bến Tre,"Không công bố và công bố chậm thông tin, không bổ nhiệm người phụ trách quản trị","107,500,000 VND","Công ty cổ phần Vật liệu xây dựng Bến Tre bị phạt do không công bố hoặc công bố chậm các báo cáo tài chính và thường niên, đồng thời không bổ nhiệm người phụ trách quản trị công ty.",Việt Nam
2025-01-23,https://ssc.gov.vn/webcenter/portal/ubck/pages_r/l/chitittinttgs?dDocName=APPSSCGOVVN1620151644,Công ty cổ phần Nông dược HAI,Không công bố và công bố chậm thông tin,"92,500,000 VND","Công ty cổ phần Nông dược HAI bị xử phạt do không công bố hoặc công bố chậm các báo cáo tài chính riêng và hợp nhất, báo cáo quản trị và nghị quyết HĐQT.",Việt Nam
2025-01-20,https://ssc.gov.vn/webcenter/portal/ubck/pages_r/l/chitittinttgs?dDocName=APPSSCGOVVN1620151597,Công ty cổ phần Chứng khoán Sen Vàng,"Không duy trì kiểm soát nội bộ, vi phạm công bố và báo cáo thông tin","382,500,000 VND","Công ty cổ phần Chứng khoán Sen Vàng bị UBCKNN phạt vì không duy trì hệ thống kiểm soát nội bộ, không công bố và báo cáo thông tin đúng quy định, lưu trữ hồ sơ không đầy đủ.",Việt Nam
2025-01-20,https://ssc.gov.vn/webcenter/portal/ubck/pages_r/l/chitittinttgs?dDocName=APPSSCGOVVN1620151592,Công ty cổ phần Quản lý quỹ Đầu tư MB,Không tuân thủ tỷ lệ đầu tư,"92,500,000 VND",Công ty cổ phần Quản lý quỹ Đầu tư MB bị phạt do không tuân thủ giới hạn tỷ lệ đầu tư theo quy định đối với danh mục của quỹ trái phiếu MB.,Việt Nam
2025-01-16,https://ssc.gov.vn/webcenter/portal/ubck/pages_r/l/chitittinttgs?dDocName=APPSSCGOVVN1620151268,Công ty TNHH Đầu tư Central Capital,Không công bố và công bố chậm thông tin trái phiếu,"92,500,000 VND","Công ty TNHH Đầu tư Central Capital bị phạt do không công bố hoặc công bố chậm các báo cáo tài chính và tình hình sử dụng, thanh toán trái phiếu theo quy định.",Việt Nam
2025-01-14,https://ssc.gov.vn/webcenter/portal/ubck/pages_r/l/chitittinttgs?dDocName=APPSSCGOVVN1620151232,Công ty cổ phần Thương mại - Du lịch - Đầu tư Cù Lao Chàm,Không công bố và công bố chậm thông tin trái phiếu,"92,500,000 VND","Công ty cổ phần Thương mại - Du lịch - Đầu tư Cù Lao Chàm bị xử phạt vì không công bố hoặc công bố chậm các báo cáo tài chính, trái phiếu và sử dụng vốn phát hành theo quy định.",Việt Nam
2025-01-10,https://ssc.gov.vn/webcenter/portal/ubck/pages_r/l/chitittinttgs?dDocName=APPSSCGOVVN1620151207,Công ty cổ phần Đầu tư và Phát triển Bất động sản An Gia,Thay đổi phương án sử dụng vốn không thông qua ĐHĐCĐ,"325,000,000 VND",Công ty cổ phần Đầu tư và Phát triển Bất động sản An Gia bị phạt vì thay đổi phương án sử dụng tiền thu từ đợt chào bán chứng khoán ra công chúng mà không được Đại hội đồng cổ đông thông qua.,Việt Nam
2025-01-07,https://ssc.gov.vn/webcenter/portal/ubck/pages_r/l/chitittinttgs?dDocName=APPSSCGOVVN1620151169,Công ty TNHH Hoa Thanh Long,Không công bố/ công bố chậm thông tin trái phiếu,"92,500,000 VND","Không gửi/ gửi chậm cho HNX các báo cáo tài chính, báo cáo sử dụng vốn, tình hình thanh toán gốc lãi và cam kết trái phiếu giai đoạn 2020–2023.",Việt Nam
2025-01-03,https://ssc.gov.vn/webcenter/portal/ubck/pages_r/l/chitittinttgs?dDocName=APPSSCGOVVN1620151056,Công ty cổ phần Chương Dương,Công bố thông tin sai lệch; không công bố/ công bố chậm; Ủy ban kiểm toán không đạt chuẩn,"322,500,000 VND",Sai lệch số liệu BCTC hợp nhất 2022; chậm/không CBTT nhiều báo cáo 2022–2023; không bảo đảm tiêu chuẩn thành viên Ủy ban kiểm toán.,Việt Nam
2024-12-31,https://ssc.gov.vn/webcenter/portal/ubck/pages_r/l/chitittinttgs?dDocName=APPSSCGOVVN1620150983,Công ty cổ phần Quốc tế Phương Anh,Công bố chậm; công bố sai lệch lợi nhuận,"185,000,000 VND",Công bố chậm một số NQ HĐQT; số liệu LNST 2023 trên BCTC quý 4 khác với BCTC kiểm toán 2023; buộc cải chính thông tin.,Việt Nam
2024-12-30,https://ssc.gov.vn/webcenter/portal/ubck/pages_r/l/chitittinttgs?dDocName=APPSSCGOVVN1620150969,Tổng Công ty Đầu tư và Phát triển công nghiệp – CTCP,Công bố thông tin sai lệch về sử dụng tiền trái phiếu,"150,000,000 VND",Sai lệch báo cáo tình hình sử dụng tiền thu từ trái phiếu BCMH2328001 so với thực tế/báo cáo nội bộ; buộc cải chính thông tin.,Việt Nam
2024-12-27,https://ssc.gov.vn/webcenter/portal/ubck/pages_r/l/chitittinttgs?dDocName=APPSSCGOVVN1620150867,Công ty cổ phần Chứng khoán Hải Phòng,Không tách biệt tài sản KH; cung cấp dịch vụ chưa được chấp thuận; vi phạm hạn mức ký quỹ; không CBTT,"647,500,000 VND",Chuyển tiền giữa TK chuyên dụng và TK công ty; ứng trước tiền bán khi chưa được UBCKNN chấp thuận; cho vay ký quỹ vượt 3% VCSH; không CBTT NQ HĐQT liên quan giao dịch bên liên quan.,Việt Nam
2024-12-27,https://ssc.gov.vn/webcenter/portal/ubck/pages_r/l/chitittinttgs?dDocName=APPSSCGOVVN1620150866,Ông Phạm Quang Khánh,Không đăng ký chào mua công khai,"100,000,000 VND",Mua cổ phiếu APP làm tỷ lệ sở hữu tăng vượt ngưỡng chào mua công khai mà không đăng ký; buộc từ bỏ quyền biểu quyết phần cổ phần vi phạm và bán giảm tỷ lệ xuống dưới ngưỡng.,Việt Nam
2024-12-25,https://ssc.gov.vn/webcenter/portal/ubck/pages_r/l/chitittinttgs?dDocName=APPSSCGOVVN1620150842,Công ty cổ phần Quốc tế Holding,Công bố chậm; công bố sai lệch; giao dịch với bên liên quan không được HĐQT chấp thuận,"377,500,000 VND","CBTT chậm BCTC Q2/2023, năm 2023 kiểm toán, Q2/2024; sai lệch LNST 2023 và báo cáo quản trị 2022–2023; phát sinh giao dịch với người nội bộ/bên liên quan nhưng chưa có chấp thuận HĐQT.",Việt Nam
2024-12-24,https://ssc.gov.vn/webcenter/portal/ubck/pages_r/l/chitittinttgs?dDocName=APPSSCGOVVN1620150793,Công ty cổ phần Apec Finance,Không công bố/ công bố chậm thông tin trái phiếu,"92,500,000 VND","Không gửi nhiều báo cáo trái phiếu 2021–2023 (BCTC, sử dụng vốn, cam kết, thanh toán gốc lãi); CBTT chậm hoàn tất mua lại trước hạn mã ANPCH2124001.",Việt Nam
2024-12-23,https://ssc.gov.vn/webcenter/portal/ubck/pages_r/l/chitittinttgs?dDocName=APPSSCGOVVN1620150790,Công ty cổ phần Đầu tư và Phát triển Doanh nghiệp Việt Nam,Công bố chậm; công bố sai lệch kết quả kinh doanh,"215,000,000 VND",CBTT chậm BCTC kiểm toán & Báo cáo thường niên 2023; số liệu LNST 2023 trên BCTC quý 4 khác đáng kể so với BCTC kiểm toán riêng và hợp nhất; buộc cải chính.,Việt Nam
2024-12-16,https://ssc.gov.vn/webcenter/portal/ubck/pages_r/l/chitittinttgs?dDocName=APPSSCGOVVN1620150479,Công ty cổ phần Sản xuất bao bì và Hàng xuất khẩu,Không CBTT; không đăng ký giao dịch/niêm yết; không đúng hình thức CBTT,"462,500,000 VND",Không CBTT hàng loạt báo cáo 2022–2024; chưa đăng ký giao dịch trên hệ thống sau khi là công ty đại chúng; chưa lập website theo quy định; buộc nộp hồ sơ đăng ký giao dịch/niêm yết trong 60 ngày.,Việt Nam
2024-12-13,https://ssc.gov.vn/webcenter/portal/ubck/pages_r/l/chitittinttgs?dDocName=APPSSCGOVVN1620150441,CTCP Công trình Giao thông Đồng Nai,Không CBTT/CBTT chậm; công bố sai lệch LNST 2023,"242,500,000 VND","Thiếu/ chậm CBTT nhiều báo cáo TPDN, BCTC 2022–2023; số liệu LNST 2023 trên BCTC quý 4 lệch lớn so với BCTC kiểm toán; buộc cải chính.",Việt Nam
2024-12-13,https://ssc.gov.vn/webcenter/portal/ubck/pages_r/l/chitittinttgs?dDocName=APPSSCGOVVN1620150439,CTCP Địa ốc Phúc Đạt,Không CBTT/CBTT chậm thông tin trái phiếu,"92,500,000 VND","Không gửi HNX nhiều báo cáo trái phiếu, BCTC 2021–2023; CBTT chậm việc mua lại trái phiếu trước hạn.",Việt Nam
2024-12-13,https://ssc.gov.vn/webcenter/portal/ubck/pages_r/l/chitittinttgs?dDocName=APPSSCGOVVN1620150438,CTCP Kết cấu thép ATAD Đồng Nai,Không CBTT/CBTT chậm thông tin trái phiếu,"92,500,000 VND","Thiếu/ chậm CBTT các báo cáo sử dụng tiền TPDN 2022–2023, BCTC 2022, cam kết & thanh toán gốc lãi.",Việt Nam
2024-12-12,https://ssc.gov.vn/webcenter/portal/ubck/pages_r/l/chitittinttgs?dDocName=APPSSCGOVVN1620150437,CTCP Quản lý Quỹ Việt Cát,Không tuân thủ điều lệ quỹ; cho vay/giao vốn sai quy định; không tách biệt nhân sự,"312,500,000 VND",Đầu tư vào bên liên quan trái điều lệ; tạm ứng tiền cho nhân viên không có nội dung công việc; 1 nhân sự kiêm nhiệm đầu tư tài chính & điều hành quỹ.,Việt Nam
2024-12-11,https://ssc.gov.vn/webcenter/portal/ubck/pages_r/l/chitittinttgs?dDocName=APPSSCGOVVN1620150429,CTCP Tập đoàn tư vấn đầu tư xây dựng Kiên Giang,Không CBTT/CBTT chậm (BCTC & trái phiếu),"92,500,000 VND","Không gửi HNX nhiều báo cáo trái phiếu; chậm CBTT BCTC bán niên 2023 soát xét, BCTC kiểm toán 2023 và các giải trình liên quan.",Việt Nam
2024-12-11,https://ssc.gov.vn/webcenter/portal/ubck/pages_r/l/chitittinttgs?dDocName=APPSSCGOVVN1620150428,CTCP Rạng Đông Holding,Không CBTT/CBTT chậm; công bố sai lệch LNST 2023,"242,500,000 VND",Thiếu/ chậm CBTT BCTC 2023 & bán niên 2024; LNST 2023 trên BCTC quý IV tự lập lệch lớn so với BCTC kiểm toán; buộc cải chính.,Việt Nam
2024-12-10,https://ssc.gov.vn/webcenter/portal/ubck/pages_r/l/chitittinttgs?dDocName=APPSSCGOVVN1620150413,CTCP Tập đoàn Đất Xanh,Không CBTT; CBTT không đầy đủ; thay đổi mục đích sử dụng vốn IPO không qua ĐHĐCĐ,"515,000,000 VND","Không CBTT NQ HĐQT về giao dịch bên liên quan, chậm CBTT bản án/giấy ủy quyền/BC sử dụng tiền TPDN; thiếu nội dung trong báo cáo QTCT; dùng 36.56 tỷ từ tiền chào bán 2023 để trả nợ mà chưa xin ĐHĐCĐ; buộc trình ĐHĐCĐ gần nhất.",Việt Nam
2024-12-10,https://ssc.gov.vn/webcenter/portal/ubck/pages_r/l/chitittinttgs?dDocName=APPSSCGOVVN1620150412,CTCP Vinam,Không CBTT/CBTT chậm BCTC 2022–2024,"92,500,000 VND","Không CBTT BCTC kiểm toán 2023 & soát xét bán niên 2024; CBTT chậm BCTC quý 4/2022, kiểm toán 2022, bán niên 2023.",Việt Nam
2024-12-06,https://ssc.gov.vn/webcenter/portal/ubck/pages_r/l/chitittinttgs?dDocName=APPSSCGOVVN1620150330,CTCP Đầu tư Dịch vụ Tài chính Hoàng Huy,Không CBTT; CBTT thiếu; giao dịch với bên liên quan chưa được chấp thuận,"295,000,000 VND",Không CBTT các bản giải trình chênh lệch LNST (2020–2021); thiếu nội dung giao dịch bên liên quan trong báo cáo QTCT 2021–2023; HĐ cho thuê văn phòng với công ty con chưa được HĐQT thông qua kịp thời; kèm yêu cầu cải chính Báo cáo thường niên 2021.,Việt Nam
2024-12-06,https://ssc.gov.vn/webcenter/portal/ubck/pages_r/l/chitittinttgs?dDocName=APPSSCGOVVN1620150329,CTCP Đầu tư tổng hợp Hà Nội,Không CBTT thông tin trái phiếu & BCTC,"85,000,000 VND","Không gửi HNX các BCTC bán niên/năm 2021, bán niên 2022; báo cáo sử dụng vốn & thanh toán gốc lãi trái phiếu 2021–2022.",Việt Nam
2024-12-13,https://ssc.gov.vn/webcenter/portal/ubck/pages_r/l/chitittinttgs?dDocName=APPSSCGOVVN1620150441,CTCP Công trình Giao thông Đồng Nai,Không CBTT/CBTT chậm; công bố sai lệch LNST 2023,"242,500,000 VND","Thiếu/ chậm CBTT nhiều báo cáo TPDN, BCTC 2022–2023; số liệu LNST 2023 trên BCTC quý 4 lệch lớn so với BCTC kiểm toán; buộc cải chính.",Việt Nam
2024-12-13,https://ssc.gov.vn/webcenter/portal/ubck/pages_r/l/chitittinttgs?dDocName=APPSSCGOVVN1620150439,CTCP Địa ốc Phúc Đạt,Không CBTT/CBTT chậm thông tin trái phiếu,"92,500,000 VND","Không gửi HNX nhiều báo cáo trái phiếu, BCTC 2021–2023; CBTT chậm việc mua lại trái phiếu trước hạn.",Việt Nam
2024-12-13,https://ssc.gov.vn/webcenter/portal/ubck/pages_r/l/chitittinttgs?dDocName=APPSSCGOVVN1620150438,CTCP Kết cấu thép ATAD Đồng Nai,Không CBTT/CBTT chậm thông tin trái phiếu,"92,500,000 VND","Thiếu/ chậm CBTT các báo cáo sử dụng tiền TPDN 2022–2023, BCTC 2022, cam kết & thanh toán gốc lãi.",Việt Nam
2024-12-12,https://ssc.gov.vn/webcenter/portal/ubck/pages_r/l/chitittinttgs?dDocName=APPSSCGOVVN1620150437,CTCP Quản lý Quỹ Việt Cát,Không tuân thủ điều lệ quỹ; cho vay/giao vốn sai quy định; không tách biệt nhân sự,"312,500,000 VND",Đầu tư vào bên liên quan trái điều lệ; tạm ứng tiền cho nhân viên không có nội dung công việc; 1 nhân sự kiêm nhiệm đầu tư tài chính & điều hành quỹ.,Việt Nam
2024-12-11,https://ssc.gov.vn/webcenter/portal/ubck/pages_r/l/chitittinttgs?dDocName=APPSSCGOVVN1620150429,CTCP Tập đoàn tư vấn đầu tư xây dựng Kiên Giang,Không CBTT/CBTT chậm (BCTC & trái phiếu),"92,500,000 VND","Không gửi HNX nhiều báo cáo trái phiếu; chậm CBTT BCTC bán niên 2023 soát xét, BCTC kiểm toán 2023 và các giải trình liên quan.",Việt Nam
2024-12-11,https://ssc.gov.vn/webcenter/portal/ubck/pages_r/l/chitittinttgs?dDocName=APPSSCGOVVN1620150428,CTCP Rạng Đông Holding,Không CBTT/CBTT chậm; công bố sai lệch LNST 2023,"242,500,000 VND",Thiếu/ chậm CBTT BCTC 2023 & bán niên 2024; LNST 2023 trên BCTC quý IV tự lập lệch lớn so với BCTC kiểm toán; buộc cải chính.,Việt Nam
2024-12-10,https://ssc.gov.vn/webcenter/portal/ubck/pages_r/l/chitittinttgs?dDocName=APPSSCGOVVN1620150413,CTCP Tập đoàn Đất Xanh,Không CBTT; CBTT không đầy đủ; thay đổi mục đích sử dụng vốn IPO không qua ĐHĐCĐ,"515,000,000 VND","Không CBTT NQ HĐQT về giao dịch bên liên quan, chậm CBTT bản án/giấy ủy quyền/BC sử dụng tiền TPDN; thiếu nội dung trong báo cáo QTCT; dùng 36.56 tỷ từ tiền chào bán 2023 để trả nợ mà chưa xin ĐHĐCĐ; buộc trình ĐHĐCĐ gần nhất.",Việt Nam
2024-12-10,https://ssc.gov.vn/webcenter/portal/ubck/pages_r/l/chitittinttgs?dDocName=APPSSCGOVVN1620150412,CTCP Vinam,Không CBTT/CBTT chậm BCTC 2022–2024,"92,500,000 VND","Không CBTT BCTC kiểm toán 2023 & soát xét bán niên 2024; CBTT chậm BCTC quý 4/2022, kiểm toán 2022, bán niên 2023.",Việt Nam
2024-12-06,https://ssc.gov.vn/webcenter/portal/ubck/pages_r/l/chitittinttgs?dDocName=APPSSCGOVVN1620150330,CTCP Đầu tư Dịch vụ Tài chính Hoàng Huy,Không CBTT; CBTT thiếu; giao dịch với bên liên quan chưa được chấp thuận,"295,000,000 VND",Không CBTT các bản giải trình chênh lệch LNST (2020–2021); thiếu nội dung giao dịch bên liên quan trong báo cáo QTCT 2021–2023; HĐ cho thuê văn phòng với công ty con chưa được HĐQT thông qua kịp thời; kèm yêu cầu cải chính Báo cáo thường niên 2021.,Việt Nam
2024-12-06,https://ssc.gov.vn/webcenter/portal/ubck/pages_r/l/chitittinttgs?dDocName=APPSSCGOVVN1620150329,CTCP Đầu tư tổng hợp Hà Nội,Không CBTT thông tin trái phiếu & BCTC,"85,000,000 VND","Không gửi HNX các BCTC bán niên/năm 2021, bán niên 2022; báo cáo sử dụng vốn & thanh toán gốc lãi trái phiếu 2021–2022.",Việt Nam
